symbol,side,size,price,timestamp
ETH,BUY,0.1000,492005.000,2024-07-12 21:02:13.103
ETH,BUY,1.8200,492005.000,2024-07-12 21:02:20.161
ETH,BUY,0.4000,492005.000,2024-07-12 21:02:30.162
ETH,BUY,0.0300,492005.000,2024-07-12 21:02:30.252
ETH,BUY,0.4000,492673.000,2024-07-12 21:02:30.585
ETH,BUY,0.0100,492429.000,2024-07-12 21:06:53.179
ETH,BUY,0.1900,492466.000,2024-07-12 21:08:38.383
ETH,BUY,0.5000,492540.000,2024-07-12 21:09:57.799
ETH,BUY,0.1000,492862.000,2024-07-12 21:12:36.100
ETH,BUY,1.0000,492911.000,2024-07-12 21:14:08.625
ETH,BUY,0.2004,493020.000,2024-07-12 21:14:08.625
ETH,BUY,0.1000,493020.000,2024-07-12 21:14:09.273
ETH,BUY,0.0100,493522.000,2024-07-12 21:16:31.296
ETH,BUY,0.0100,493522.000,2024-07-12 21:16:31.372
ETH,BUY,0.0100,493600.000,2024-07-12 21:16:31.877
ETH,BUY,0.0100,493600.000,2024-07-12 21:16:32.071
ETH,BUY,0.0100,493084.000,2024-07-12 21:18:20.213
ETH,BUY,0.0200,493089.000,2024-07-12 21:18:23.927
ETH,SELL,1.0000,492688.000,2024-07-12 21:22:16.692
ETH,SELL,0.1200,492660.000,2024-07-12 21:22:16.692
ETH,BUY,0.0100,492759.000,2024-07-12 21:25:58.326
ETH,BUY,0.4500,492458.000,2024-07-12 21:31:26.486
ETH,BUY,0.4000,492485.000,2024-07-12 21:31:28.165
ETH,BUY,0.0100,492559.000,2024-07-12 21:31:39.947
ETH,BUY,0.0100,492564.000,2024-07-12 21:31:39.947
ETH,BUY,0.0100,492595.000,2024-07-12 21:31:40.311
ETH,BUY,0.0300,492527.000,2024-07-12 21:33:24.195
ETH,BUY,0.0200,492550.000,2024-07-12 21:34:52.636
ETH,BUY,0.0100,492525.000,2024-07-12 21:38:29.330
ETH,BUY,0.0102,492562.000,2024-07-12 21:38:29.330
ETH,BUY,0.0102,492626.000,2024-07-12 21:38:29.718
ETH,BUY,0.0200,492625.000,2024-07-12 21:38:32.780
ETH,BUY,0.6000,492528.000,2024-07-12 21:39:21.568
ETH,BUY,0.6000,492741.000,2024-07-12 21:39:49.561
ETH,BUY,0.4000,492741.000,2024-07-12 21:39:50.572
ETH,BUY,0.4000,492812.000,2024-07-12 21:40:01.627
ETH,BUY,0.3000,492812.000,2024-07-12 21:40:03.143
ETH,BUY,0.0200,492968.000,2024-07-12 21:40:30.824
ETH,BUY,0.3500,492968.000,2024-07-12 21:40:30.871
ETH,BUY,0.3000,492968.000,2024-07-12 21:40:31.477
ETH,BUY,0.4000,492975.000,2024-07-12 21:40:35.696
ETH,BUY,0.0400,493136.000,2024-07-12 21:41:31.006
ETH,BUY,0.0100,493222.000,2024-07-12 21:42:56.331
ETH,BUY,0.0100,493222.000,2024-07-12 21:42:56.348
ETH,BUY,0.0200,493287.000,2024-07-12 21:42:59.250
ETH,BUY,0.0203,493482.000,2024-07-12 21:43:23.407
ETH,BUY,0.6000,492874.000,2024-07-12 21:46:06.605
ETH,BUY,0.2000,493035.000,2024-07-12 21:46:07.313
ETH,BUY,0.4000,493018.000,2024-07-12 21:46:18.624
ETH,BUY,0.6000,493018.000,2024-07-12 21:46:18.714
ETH,BUY,0.2000,493104.000,2024-07-12 21:46:19.899
ETH,BUY,0.0100,493426.000,2024-07-12 21:47:09.977
ETH,BUY,0.1800,493429.000,2024-07-12 21:47:09.977
ETH,BUY,0.1098,493431.000,2024-07-12 21:47:09.977
ETH,BUY,0.0800,493594.000,2024-07-12 21:47:09.977
ETH,BUY,0.0202,493595.000,2024-07-12 21:47:09.977
ETH,BUY,0.0100,493550.000,2024-07-12 21:53:39.190
ETH,BUY,0.0200,493575.000,2024-07-12 21:53:42.275
ETH,SELL,0.0100,493300.000,2024-07-12 21:53:51.279
ETH,SELL,0.0080,493037.000,2024-07-12 21:53:51.279
ETH,BUY,0.0148,493310.000,2024-07-12 21:56:12.884
ETH,BUY,0.0552,493593.000,2024-07-12 21:56:12.884
ETH,SELL,0.1300,493355.000,2024-07-12 21:59:31.523
ETH,SELL,0.0162,493435.000,2024-07-12 22:00:55.464
ETH,BUY,0.0110,493535.000,2024-07-12 22:03:52.250
ETH,BUY,0.0110,493595.000,2024-07-12 22:03:55.389
ETH,BUY,0.0100,493595.000,2024-07-12 22:04:47.126
ETH,SELL,0.0200,493454.000,2024-07-12 22:05:03.365
ETH,BUY,0.2400,493559.000,2024-07-12 22:07:11.210
ETH,BUY,0.9800,493560.000,2024-07-12 22:11:09.773
ETH,BUY,0.0100,494275.000,2024-07-12 22:12:16.448
ETH,BUY,0.4900,494290.000,2024-07-12 22:12:16.448
ETH,BUY,0.1000,494290.000,2024-07-12 22:12:16.623
ETH,BUY,0.1000,494290.000,2024-07-12 22:12:17.456
ETH,BUY,0.8100,494691.000,2024-07-12 22:17:57.560
ETH,BUY,0.3900,494975.000,2024-07-12 22:18:07.472
ETH,BUY,0.0100,495240.000,2024-07-12 22:19:25.053
ETH,SELL,0.6065,495010.000,2024-07-12 22:19:48.565
ETH,SELL,0.0614,495010.000,2024-07-12 22:19:49.052
ETH,SELL,0.0505,495000.000,2024-07-12 22:19:54.399
ETH,SELL,0.0103,495000.000,2024-07-12 22:20:23.521
ETH,SELL,0.0283,495000.000,2024-07-12 22:20:28.080
ETH,SELL,0.0109,495000.000,2024-07-12 22:20:32.538
ETH,BUY,0.0100,494350.000,2024-07-12 22:21:41.052
ETH,BUY,0.0159,493939.000,2024-07-12 22:23:12.716
ETH,BUY,0.0341,493948.000,2024-07-12 22:23:12.716
ETH,BUY,0.0259,493937.000,2024-07-12 22:23:15.750
ETH,SELL,0.0100,494000.000,2024-07-12 22:31:51.210
ETH,SELL,0.0340,493924.000,2024-07-12 22:31:51.210
ETH,BUY,0.0100,493943.000,2024-07-12 22:32:36.811
ETH,BUY,0.4200,494201.000,2024-07-12 22:41:28.626
ETH,BUY,0.3100,494558.000,2024-07-12 22:43:55.160
ETH,BUY,0.0877,494615.000,2024-07-12 22:45:10.105
ETH,BUY,0.0205,494663.000,2024-07-12 22:46:41.868
ETH,BUY,0.0340,494710.000,2024-07-12 22:46:41.868
ETH,BUY,0.0455,494711.000,2024-07-12 22:46:41.868
ETH,BUY,0.0205,494723.000,2024-07-12 22:46:45.389
ETH,BUY,0.0100,494705.000,2024-07-12 22:47:02.583
ETH,BUY,0.3500,494887.000,2024-07-12 22:50:03.196
ETH,BUY,0.0300,494901.000,2024-07-12 22:50:32.434
ETH,SELL,0.1050,494890.000,2024-07-12 22:50:41.617
ETH,SELL,0.4450,494724.000,2024-07-12 22:50:41.617
ETH,BUY,0.0100,494759.000,2024-07-12 22:54:47.687
ETH,BUY,0.0200,494774.000,2024-07-12 22:54:51.332
ETH,BUY,0.0112,494803.000,2024-07-12 22:55:10.009
ETH,BUY,0.0088,494809.000,2024-07-12 22:55:10.009
ETH,BUY,0.0112,494856.000,2024-07-12 22:55:13.244
ETH,BUY,0.0100,494909.000,2024-07-12 22:58:14.798
ETH,BUY,0.9900,494914.000,2024-07-12 22:58:14.798
ETH,BUY,0.0011,494970.000,2024-07-12 23:00:28.761
ETH,BUY,0.0089,494972.000,2024-07-12 23:00:28.761
ETH,BUY,0.0100,494851.000,2024-07-12 23:00:52.854
ETH,BUY,0.0200,494905.000,2024-07-12 23:00:54.793
ETH,BUY,0.0202,494796.000,2024-07-12 23:04:16.156
ETH,BUY,0.0100,494715.000,2024-07-12 23:07:25.013
ETH,BUY,0.1800,494720.000,2024-07-12 23:07:25.013
ETH,BUY,0.0100,494721.000,2024-07-12 23:07:25.013
ETH,BUY,0.0100,494998.000,2024-07-12 23:17:20.619
ETH,BUY,0.0120,495000.000,2024-07-12 23:20:10.567
ETH,BUY,0.0200,495000.000,2024-07-12 23:21:15.810
ETH,BUY,0.0500,495000.000,2024-07-12 23:21:26.786
ETH,BUY,0.2180,495000.000,2024-07-12 23:21:55.647
ETH,BUY,0.3400,495000.000,2024-07-12 23:21:55.647
ETH,BUY,0.0100,495125.000,2024-07-12 23:24:03.474
ETH,SELL,1.4420,495000.000,2024-07-12 23:26:39.761
ETH,BUY,0.0100,494901.000,2024-07-12 23:27:19.263
ETH,BUY,0.2386,494904.000,2024-07-12 23:27:19.263
ETH,BUY,0.0200,495123.000,2024-07-12 23:27:22.780
ETH,BUY,0.0200,495175.000,2024-07-12 23:28:03.733
ETH,BUY,0.0151,495133.000,2024-07-12 23:32:47.810
ETH,BUY,0.0100,495081.000,2024-07-12 23:35:23.675
ETH,BUY,0.0210,495111.000,2024-07-12 23:35:23.675
ETH,BUY,0.0100,495103.000,2024-07-12 23:46:08.105
ETH,BUY,0.0200,495198.000,2024-07-12 23:46:11.738
ETH,BUY,0.0100,495193.000,2024-07-12 23:48:13.092
ETH,BUY,0.0100,495198.000,2024-07-12 23:48:20.890
ETH,BUY,0.0100,495518.000,2024-07-12 23:53:01.239
ETH,BUY,0.2900,495668.000,2024-07-12 23:53:01.239
ETH,BUY,0.0200,495737.000,2024-07-12 23:53:05.266
ETH,BUY,0.0600,495929.000,2024-07-12 23:56:56.120
ETH,BUY,0.3200,495958.000,2024-07-12 23:57:23.067
ETH,BUY,0.2000,495958.000,2024-07-12 23:57:23.694
ETH,SELL,0.2000,495625.000,2024-07-13 02:10:05.926
ETH,SELL,0.2011,495620.000,2024-07-13 02:10:09.809
ETH,SELL,0.1411,495620.000,2024-07-13 02:10:10.599
ETH,SELL,0.1000,495621.000,2024-07-13 02:10:18.126
ETH,SELL,0.0206,495620.000,2024-07-13 02:10:30.940
ETH,SELL,0.0283,495620.000,2024-07-13 02:10:36.807
ETH,BUY,0.8000,495621.000,2024-07-13 02:10:41.830
ETH,BUY,0.1000,495621.000,2024-07-13 02:10:58.125
ETH,BUY,0.1000,495621.000,2024-07-13 02:10:59.033
ETH,SELL,0.0296,495620.000,2024-07-13 02:11:00.118
ETH,SELL,0.2093,495620.000,2024-07-13 02:11:00.632
ETH,SELL,0.0609,495622.000,2024-07-13 02:11:04.537
ETH,BUY,0.0600,495623.000,2024-07-13 02:11:06.141
ETH,SELL,0.0554,495622.000,2024-07-13 02:11:10.530
ETH,SELL,0.7199,495622.000,2024-07-13 02:11:11.145
ETH,SELL,0.9738,495622.000,2024-07-13 02:11:11.902
ETH,SELL,0.0305,495620.000,2024-07-13 02:11:14.828
ETH,SELL,1.6695,495620.000,2024-07-13 02:11:17.427
ETH,SELL,0.1000,495000.000,2024-07-13 02:11:23.463
ETH,SELL,0.0362,495000.000,2024-07-13 02:12:10.931
ETH,SELL,0.1000,495000.000,2024-07-13 02:12:19.179
ETH,SELL,0.1099,495000.000,2024-07-13 02:12:24.430
ETH,SELL,0.0975,495000.000,2024-07-13 02:12:40.992
ETH,SELL,0.3078,495000.000,2024-07-13 02:12:44.375
ETH,SELL,0.1922,495000.000,2024-07-13 02:12:44.375
ETH,SELL,0.2000,495000.000,2024-07-13 02:13:05.941
ETH,BUY,0.0300,495001.000,2024-07-13 02:13:07.571
ETH,BUY,0.6080,495001.000,2024-07-13 02:14:50.545
ETH,SELL,0.0100,495000.000,2024-07-13 02:15:04.408
ETH,SELL,0.0100,495000.000,2024-07-13 02:15:11.429
ETH,SELL,0.3000,495000.000,2024-07-13 02:15:21.808
ETH,SELL,0.2000,495000.000,2024-07-13 02:15:38.976
ETH,SELL,0.2000,495000.000,2024-07-13 02:15:55.065
ETH,SELL,0.0100,495000.000,2024-07-13 02:18:09.937
ETH,SELL,0.2000,495000.000,2024-07-13 02:19:05.943
ETH,SELL,0.2000,495000.000,2024-07-13 02:19:11.935
ETH,BUY,0.3620,495001.000,2024-07-13 02:19:11.981
ETH,BUY,0.1000,495001.000,2024-07-13 02:19:11.981
ETH,BUY,0.5380,495001.000,2024-07-13 02:19:11.981
ETH,SELL,0.0199,495000.000,2024-07-13 02:19:35.137
ETH,SELL,0.0100,495000.000,2024-07-13 02:19:41.726
ETH,SELL,0.0100,495000.000,2024-07-13 02:19:55.561
ETH,SELL,0.0100,495000.000,2024-07-13 02:20:35.622
ETH,SELL,0.0100,495000.000,2024-07-13 02:21:31.439
ETH,BUY,0.1400,495001.000,2024-07-13 02:21:32.242
ETH,SELL,0.0100,495000.000,2024-07-13 02:22:32.402
ETH,BUY,0.1000,495001.000,2024-07-13 02:22:43.426
ETH,BUY,0.0200,495001.000,2024-07-13 02:23:13.916
ETH,BUY,0.0170,495001.000,2024-07-13 02:23:26.141
ETH,SELL,0.0310,495000.000,2024-07-13 02:24:13.432
ETH,BUY,0.0400,495145.000,2024-07-13 02:26:48.699
ETH,BUY,0.0210,495145.000,2024-07-13 02:26:48.826
ETH,BUY,0.1000,495065.000,2024-07-13 02:28:54.546
ETH,SELL,0.2082,495000.000,2024-07-13 02:29:51.697
ETH,SELL,0.0118,495000.000,2024-07-13 02:31:30.950
ETH,SELL,0.0100,495000.000,2024-07-13 02:31:36.439
ETH,SELL,0.0162,495000.000,2024-07-13 02:33:47.564
ETH,SELL,0.1307,495000.000,2024-07-13 02:33:58.939
ETH,SELL,0.0100,495000.000,2024-07-13 02:33:58.939
ETH,SELL,0.0100,495000.000,2024-07-13 02:33:58.939
ETH,SELL,0.0100,495000.000,2024-07-13 02:33:58.939
ETH,BUY,0.1000,494930.000,2024-07-13 02:34:06.498
ETH,BUY,0.8000,494934.000,2024-07-13 02:34:06.498
ETH,BUY,0.1000,494924.000,2024-07-13 02:34:14.502
ETH,BUY,0.0300,494915.000,2024-07-13 02:34:19.309
ETH,SELL,0.0354,494622.000,2024-07-13 02:34:19.444
ETH,BUY,0.0800,494640.000,2024-07-13 02:34:46.908
ETH,BUY,0.2000,494625.000,2024-07-13 02:36:10.504
ETH,BUY,0.3600,494622.000,2024-07-13 02:37:00.301
ETH,BUY,0.0200,494622.000,2024-07-13 02:37:12.767
ETH,SELL,0.0260,494621.000,2024-07-13 02:39:29.488
ETH,BUY,0.1200,494682.000,2024-07-13 02:43:29.029
ETH,BUY,0.0100,494885.000,2024-07-13 02:43:47.047
ETH,SELL,0.1000,494621.000,2024-07-13 02:44:16.404
ETH,BUY,0.3200,494798.000,2024-07-13 02:47:01.028
ETH,BUY,0.6000,494798.000,2024-07-13 02:47:01.134
ETH,BUY,0.6000,494827.000,2024-07-13 02:47:01.662
ETH,SELL,0.0607,494647.000,2024-07-13 02:47:30.521
ETH,BUY,0.6000,494943.000,2024-07-13 02:47:59.619
ETH,BUY,0.0100,495001.000,2024-07-13 02:48:02.517
ETH,BUY,0.2424,495105.000,2024-07-13 02:48:05.446
ETH,BUY,0.0354,495108.000,2024-07-13 02:48:05.446
ETH,BUY,0.1222,495175.000,2024-07-13 02:48:05.446
ETH,SELL,0.0200,494631.000,2024-07-13 02:48:08.940
ETH,SELL,0.0111,494707.000,2024-07-13 02:49:03.936
ETH,BUY,1.0000,494885.000,2024-07-13 02:50:23.903
ETH,BUY,1.0000,494914.000,2024-07-13 02:51:40.061
ETH,BUY,0.0111,495000.000,2024-07-13 02:52:20.671
ETH,BUY,0.0200,495118.000,2024-07-13 02:54:17.836
ETH,BUY,0.0300,495135.000,2024-07-13 02:54:17.836
ETH,BUY,0.1700,495175.000,2024-07-13 02:55:34.997
ETH,BUY,0.1800,495204.000,2024-07-13 02:58:55.232
ETH,BUY,0.0202,495378.000,2024-07-13 03:00:07.620
ETH,BUY,0.0100,495407.000,2024-07-13 03:00:38.875
ETH,SELL,0.0131,495203.000,2024-07-13 03:01:04.998
ETH,BUY,0.0400,495320.000,2024-07-13 03:01:43.859
ETH,BUY,0.5000,495341.000,2024-07-13 03:01:47.687
ETH,SELL,0.0824,495300.000,2024-07-13 03:03:38.945
ETH,BUY,0.0100,495345.000,2024-07-13 03:04:35.679
ETH,BUY,0.1990,495364.000,2024-07-13 03:05:37.991
ETH,BUY,0.1000,495407.000,2024-07-13 03:09:44.045
ETH,BUY,0.0150,495436.000,2024-07-13 03:10:50.457
ETH,BUY,0.0200,495385.000,2024-07-13 03:16:14.856
ETH,BUY,0.0200,495305.000,2024-07-13 03:16:27.740
ETH,SELL,0.0200,495304.000,2024-07-13 03:17:15.302
ETH,BUY,0.4889,495320.000,2024-07-13 03:19:33.723
ETH,BUY,0.0376,495345.000,2024-07-13 03:26:51.048
ETH,SELL,0.0234,495304.000,2024-07-13 03:27:05.979
ETH,SELL,0.0239,495304.000,2024-07-13 03:27:23.014
ETH,SELL,0.2000,495304.000,2024-07-13 03:28:54.013
ETH,SELL,0.1000,495304.000,2024-07-13 03:28:55.983
ETH,SELL,0.1327,495304.000,2024-07-13 03:29:07.637
ETH,SELL,0.4737,495132.000,2024-07-13 03:29:07.637
ETH,BUY,0.0201,495175.000,2024-07-13 03:29:51.772
ETH,SELL,0.1626,495000.000,2024-07-13 03:34:01.466
ETH,SELL,0.1000,495000.000,2024-07-13 03:34:02.168
ETH,SELL,0.0133,495000.000,2024-07-13 03:34:02.449
ETH,SELL,0.2020,495000.000,2024-07-13 03:35:10.301
ETH,SELL,0.0946,495000.000,2024-07-13 03:35:46.943
ETH,SELL,0.2100,495000.000,2024-07-13 03:36:39.977
ETH,SELL,0.0200,495000.000,2024-07-13 03:37:09.496
ETH,SELL,0.0102,495051.000,2024-07-13 03:38:50.965
ETH,SELL,0.1975,495000.000,2024-07-13 03:39:14.998
ETH,SELL,0.0025,495000.000,2024-07-13 03:39:14.998
ETH,SELL,0.0333,495000.000,2024-07-13 03:39:17.428
ETH,SELL,0.0900,495000.000,2024-07-13 03:44:21.430
ETH,BUY,0.0280,495059.000,2024-07-13 03:46:51.423
ETH,SELL,0.0303,495000.000,2024-07-13 03:50:34.503
ETH,SELL,0.0219,495000.000,2024-07-13 03:50:34.503
ETH,SELL,0.0081,495000.000,2024-07-13 03:51:36.498
ETH,SELL,0.0132,495000.000,2024-07-13 03:51:36.498
ETH,SELL,0.1000,495000.000,2024-07-13 03:51:41.755
ETH,SELL,0.1000,495000.000,2024-07-13 03:51:45.074
ETH,SELL,0.1000,495000.000,2024-07-13 03:51:45.195
ETH,SELL,0.2000,495000.000,2024-07-13 03:51:48.506
ETH,SELL,0.1000,495000.000,2024-07-13 03:51:48.594
ETH,SELL,0.0668,495000.000,2024-07-13 03:51:48.688
ETH,SELL,0.0332,494707.000,2024-07-13 03:51:48.688
ETH,BUY,0.0900,494769.000,2024-07-13 03:52:22.474
ETH,BUY,0.1124,494735.000,2024-07-13 03:53:21.776
ETH,BUY,0.0176,494751.000,2024-07-13 03:53:21.776
ETH,SELL,0.0678,494707.000,2024-07-13 03:53:23.802
ETH,SELL,0.0322,494621.000,2024-07-13 03:53:23.802
ETH,SELL,0.0475,494621.000,2024-07-13 03:53:33.014
ETH,SELL,0.1000,494621.000,2024-07-13 03:56:22.640
ETH,SELL,0.1000,494621.000,2024-07-13 03:57:29.904
ETH,BUY,0.0100,494653.000,2024-07-13 04:00:11.217
ETH,SELL,0.0218,494621.000,2024-07-13 04:00:20.927
ETH,SELL,0.2000,494621.000,2024-07-13 04:01:48.024
ETH,SELL,0.1000,494621.000,2024-07-13 04:01:49.148
ETH,SELL,0.0713,494621.000,2024-07-13 04:02:00.904
ETH,SELL,0.0300,494600.000,2024-07-13 04:02:02.604
ETH,SELL,0.0100,494600.000,2024-07-13 04:02:02.604
ETH,SELL,1.0000,494590.000,2024-07-13 04:02:03.936
ETH,SELL,0.0300,494543.000,2024-07-13 04:02:12.942
ETH,SELL,0.0634,494500.000,2024-07-13 04:02:18.438
ETH,SELL,0.0100,494500.000,2024-07-13 04:02:25.374
ETH,SELL,0.0100,494500.000,2024-07-13 04:02:25.457
ETH,SELL,0.1166,494500.000,2024-07-13 04:02:26.015
ETH,SELL,0.0300,494500.000,2024-07-13 04:02:26.015
ETH,SELL,0.0100,494500.000,2024-07-13 04:02:26.015
ETH,SELL,0.0200,494500.000,2024-07-13 04:02:26.015
ETH,SELL,0.0100,494400.000,2024-07-13 04:02:26.015
ETH,SELL,0.0134,494000.000,2024-07-13 04:02:26.015
ETH,SELL,0.0300,494000.000,2024-07-13 04:02:26.165
ETH,SELL,0.1000,494001.000,2024-07-13 04:02:27.711
ETH,BUY,0.0200,494189.000,2024-07-13 04:04:07.800
ETH,SELL,0.1000,494000.000,2024-07-13 04:22:52.113
ETH,SELL,0.0150,494000.000,2024-07-13 04:23:10.524
ETH,SELL,0.0416,494000.000,2024-07-13 04:23:15.927
ETH,SELL,0.0008,494000.000,2024-07-13 04:23:15.927
ETH,SELL,0.0100,494033.000,2024-07-13 04:25:00.429
ETH,SELL,0.0092,494000.000,2024-07-13 04:25:05.937
ETH,SELL,0.1178,494000.000,2024-07-13 04:25:05.937
ETH,SELL,0.7999,494000.000,2024-07-13 04:25:07.276
ETH,SELL,0.0100,494000.000,2024-07-13 04:25:08.922
ETH,SELL,0.0100,494000.000,2024-07-13 04:25:09.496
ETH,SELL,0.0623,494000.000,2024-07-13 04:25:19.956
ETH,SELL,0.1377,493943.000,2024-07-13 04:25:19.956
ETH,SELL,0.0300,493943.000,2024-07-13 04:25:20.116
ETH,SELL,0.0100,493943.000,2024-07-13 04:25:20.290
ETH,SELL,0.4121,493943.000,2024-07-13 04:25:21.399
ETH,SELL,0.0002,493943.000,2024-07-13 04:25:21.940
ETH,SELL,0.0001,493435.000,2024-07-13 04:25:21.940
ETH,SELL,0.1000,492957.000,2024-07-13 04:25:27.429
ETH,SELL,0.0900,492956.000,2024-07-13 04:25:27.429
ETH,SELL,0.0097,492954.000,2024-07-13 04:25:27.429
ETH,BUY,0.1000,493028.000,2024-07-13 04:25:32.672
ETH,BUY,1.5900,493029.000,2024-07-13 04:25:32.672
ETH,BUY,0.7400,493029.000,2024-07-13 04:25:33.076
ETH,BUY,0.0933,493116.000,2024-07-13 04:26:26.029
ETH,BUY,0.0930,493174.000,2024-07-13 04:27:32.512
ETH,BUY,0.5000,493290.000,2024-07-13 04:31:24.033
ETH,SELL,0.0219,492835.000,2024-07-13 04:31:40.438
ETH,BUY,0.3766,492856.000,2024-07-13 04:31:49.419
ETH,BUY,0.5000,492856.000,2024-07-13 04:31:49.780
ETH,BUY,0.0100,492856.000,2024-07-13 04:31:49.982
ETH,BUY,0.0300,492856.000,2024-07-13 04:31:50.092
ETH,BUY,0.0100,492856.000,2024-07-13 04:31:50.136
ETH,BUY,0.0734,492856.000,2024-07-13 04:31:50.156
ETH,BUY,0.5266,493484.000,2024-07-13 04:31:50.156
ETH,BUY,0.2000,493484.000,2024-07-13 04:31:50.390
ETH,BUY,0.3200,493488.000,2024-07-13 04:31:50.765
ETH,BUY,0.1537,493488.000,2024-07-13 04:31:50.971
ETH,BUY,0.2463,493493.000,2024-07-13 04:31:50.971
ETH,BUY,0.5200,492900.000,2024-07-13 04:31:54.520
ETH,BUY,0.1761,492928.000,2024-07-13 04:32:00.280
ETH,BUY,0.5000,493435.000,2024-07-13 04:32:06.468
ETH,BUY,0.0200,493300.000,2024-07-13 04:33:14.246
ETH,BUY,0.0100,492964.000,2024-07-13 04:46:58.581
ETH,BUY,1.0000,492965.000,2024-07-13 04:47:13.361
ETH,SELL,1.0000,492711.000,2024-07-13 04:47:20.922
ETH,SELL,0.1781,492710.000,2024-07-13 04:47:20.922
ETH,SELL,0.7811,492631.000,2024-07-13 04:47:20.922
ETH,SELL,0.0408,492169.000,2024-07-13 04:47:20.922
ETH,BUY,0.0408,492796.000,2024-07-13 04:48:57.110
ETH,BUY,0.3592,492797.000,2024-07-13 04:48:57.110
ETH,BUY,0.4000,492797.000,2024-07-13 04:48:58.062
ETH,BUY,0.0100,492826.000,2024-07-13 04:49:41.288
ETH,BUY,0.0100,492855.000,2024-07-13 04:50:22.164
ETH,BUY,0.9000,492884.000,2024-07-13 04:51:34.293
ETH,BUY,0.0500,493097.000,2024-07-13 04:52:31.703
ETH,BUY,0.5000,493097.000,2024-07-13 04:52:32.395
ETH,BUY,1.0000,493203.000,2024-07-13 04:53:06.537
ETH,BUY,0.0100,493229.000,2024-07-13 04:53:13.526
ETH,BUY,0.9847,493131.000,2024-07-13 04:54:28.824
ETH,BUY,0.0153,493131.000,2024-07-13 04:54:28.824
ETH,BUY,0.1090,493021.000,2024-07-13 04:55:25.843
ETH,BUY,0.0100,492997.000,2024-07-13 04:55:42.937
ETH,BUY,0.0350,493039.000,2024-07-13 04:57:27.068
ETH,BUY,0.1000,493017.000,2024-07-13 04:58:04.642
ETH,BUY,0.0100,493029.000,2024-07-13 05:00:07.336
ETH,SELL,0.0100,493058.000,2024-07-13 05:02:17.188
ETH,SELL,0.1000,492517.000,2024-07-13 05:02:17.188
ETH,SELL,1.0000,492516.000,2024-07-13 05:02:17.188
ETH,SELL,0.2000,492385.000,2024-07-13 05:02:17.188
ETH,SELL,0.1900,492382.000,2024-07-13 05:02:17.188
ETH,BUY,1.0000,492556.000,2024-07-13 05:02:25.758
ETH,BUY,0.0100,493114.000,2024-07-13 05:02:26.078
ETH,BUY,0.0900,493114.000,2024-07-13 05:02:26.095
ETH,BUY,0.1900,493115.000,2024-07-13 05:02:26.095
ETH,BUY,0.3200,493145.000,2024-07-13 05:02:26.095
ETH,BUY,0.0100,493145.000,2024-07-13 05:02:26.123
ETH,BUY,0.0200,493145.000,2024-07-13 05:02:26.125
ETH,BUY,0.0100,493145.000,2024-07-13 05:02:26.162
ETH,BUY,0.2000,493203.000,2024-07-13 05:02:26.962
ETH,BUY,0.8200,492624.000,2024-07-13 05:02:28.714
ETH,BUY,0.1800,492624.000,2024-07-13 05:02:28.990
ETH,BUY,0.1000,493203.000,2024-07-13 05:02:30.407
ETH,BUY,1.0000,492644.000,2024-07-13 05:02:32.225
ETH,BUY,0.6000,492708.000,2024-07-13 05:02:35.912
ETH,BUY,0.1000,492708.000,2024-07-13 05:02:35.980
ETH,BUY,0.0100,492708.000,2024-07-13 05:02:35.981
ETH,BUY,0.1999,492708.000,2024-07-13 05:02:36.049
ETH,BUY,0.0901,492708.000,2024-07-13 05:02:36.103
ETH,BUY,0.5099,493290.000,2024-07-13 05:02:36.103
ETH,BUY,0.0100,492791.000,2024-07-13 05:02:36.602
ETH,BUY,0.2900,492791.000,2024-07-13 05:02:37.495
ETH,BUY,0.0100,492791.000,2024-07-13 05:02:38.152
ETH,BUY,0.6000,492867.000,2024-07-13 05:02:50.015
ETH,BUY,0.4000,492867.000,2024-07-13 05:02:50.048
ETH,BUY,0.2000,493435.000,2024-07-13 05:02:50.048
ETH,BUY,0.0100,493435.000,2024-07-13 05:02:50.145
ETH,BUY,0.0500,493451.000,2024-07-13 05:02:50.965
ETH,BUY,1.0000,493460.000,2024-07-13 05:04:47.689
ETH,BUY,0.5000,493580.000,2024-07-13 05:05:37.130
ETH,BUY,0.0225,493147.000,2024-07-13 05:05:53.515
ETH,BUY,0.0192,493147.000,2024-07-13 05:05:57.521
ETH,BUY,0.5000,493155.000,2024-07-13 05:06:03.572
ETH,BUY,0.0401,493186.000,2024-07-13 05:06:05.805
ETH,SELL,0.2000,493235.000,2024-07-13 05:06:12.374
ETH,BUY,0.6000,493264.000,2024-07-13 05:06:14.898
ETH,BUY,0.0100,493264.000,2024-07-13 05:06:14.962
ETH,BUY,0.1980,493264.000,2024-07-13 05:06:15.084
ETH,BUY,0.1920,493264.000,2024-07-13 05:06:15.668
ETH,BUY,0.4080,493772.000,2024-07-13 05:06:15.668
ETH,BUY,0.3200,493278.000,2024-07-13 05:06:16.091
ETH,BUY,0.0100,493302.000,2024-07-13 05:06:19.239
ETH,BUY,0.5000,493307.000,2024-07-13 05:06:24.541
ETH,BUY,0.1000,493322.000,2024-07-13 05:06:27.216
ETH,BUY,0.3000,493939.000,2024-07-13 05:06:45.133
ETH,BUY,0.0102,493545.000,2024-07-13 05:06:47.576
ETH,BUY,0.0636,493553.000,2024-07-13 05:06:49.832
ETH,BUY,0.0800,493553.000,2024-07-13 05:06:49.933
ETH,BUY,0.2000,493553.000,2024-07-13 05:06:49.975
ETH,BUY,0.0100,493564.000,2024-07-13 05:06:54.477
ETH,BUY,0.1000,493625.000,2024-07-13 05:07:02.439
ETH,BUY,0.2000,493625.000,2024-07-13 05:07:02.579
ETH,BUY,0.1000,493625.000,2024-07-13 05:07:02.725
ETH,BUY,0.1000,493625.000,2024-07-13 05:07:02.880
ETH,BUY,0.1028,493625.000,2024-07-13 05:07:02.881
ETH,BUY,0.1000,493625.000,2024-07-13 05:07:02.967
ETH,BUY,0.1000,493625.000,2024-07-13 05:07:03.074
ETH,BUY,0.2000,493778.000,2024-07-13 05:07:08.026
ETH,BUY,0.1500,493778.000,2024-07-13 05:07:08.548
ETH,BUY,0.0120,493778.000,2024-07-13 05:07:08.784
ETH,BUY,0.0100,493778.000,2024-07-13 05:07:09.131
ETH,BUY,0.0700,493945.000,2024-07-13 05:07:16.971
ETH,BUY,0.0884,493945.000,2024-07-13 05:07:17.338
ETH,SELL,0.0125,493684.000,2024-07-13 05:08:20.429
ETH,SELL,0.0318,493739.000,2024-07-13 05:10:14.020
ETH,SELL,0.0247,493312.000,2024-07-13 05:15:59.950
ETH,SELL,0.0518,493316.000,2024-07-13 05:16:05.433
ETH,BUY,0.0400,493560.000,2024-07-13 05:17:36.438
ETH,BUY,0.0100,493912.000,2024-07-13 05:19:44.602
ETH,BUY,0.0100,493912.000,2024-07-13 05:20:13.786
ETH,BUY,0.0144,493802.000,2024-07-13 05:20:58.937
ETH,BUY,0.0153,493797.000,2024-07-13 05:21:07.013
ETH,BUY,0.1622,493912.000,2024-07-13 05:21:15.161
ETH,BUY,0.0378,493967.000,2024-07-13 05:21:15.161
ETH,BUY,0.0219,494357.000,2024-07-13 05:23:22.228
ETH,BUY,0.0181,494357.000,2024-07-13 05:23:22.228
ETH,SELL,0.0800,494217.000,2024-07-13 05:24:53.327
ETH,BUY,0.3000,494254.000,2024-07-13 05:28:46.976
ETH,SELL,0.0400,494217.000,2024-07-13 05:29:52.296
ETH,SELL,0.1700,493874.000,2024-07-13 05:30:22.273
ETH,BUY,0.0887,494384.000,2024-07-13 05:37:05.369
ETH,BUY,0.0583,494912.000,2024-07-13 05:40:19.749
ETH,BUY,0.3900,494845.000,2024-07-13 05:40:53.117
ETH,BUY,0.3100,494845.000,2024-07-13 05:40:53.174
ETH,BUY,0.0276,494874.000,2024-07-13 05:40:57.880
ETH,BUY,0.1000,495087.000,2024-07-13 05:40:59.092
ETH,BUY,0.0900,495087.000,2024-07-13 05:40:59.353
ETH,BUY,0.2000,495200.000,2024-07-13 05:41:04.739
ETH,BUY,0.3000,495267.000,2024-07-13 05:41:05.365
ETH,BUY,0.0500,495267.000,2024-07-13 05:41:05.743
ETH,BUY,0.1000,495267.000,2024-07-13 05:41:06.195
ETH,BUY,0.1000,495267.000,2024-07-13 05:41:06.877
ETH,BUY,0.0389,494919.000,2024-07-13 05:41:53.867
ETH,BUY,0.0154,495267.000,2024-07-13 05:42:08.130
ETH,BUY,0.2000,495267.000,2024-07-13 05:42:28.043
ETH,BUY,0.6000,495267.000,2024-07-13 05:42:28.555
ETH,BUY,0.5000,495267.000,2024-07-13 05:42:40.822
ETH,BUY,0.0277,495267.000,2024-07-13 05:42:55.541
ETH,BUY,0.0296,495267.000,2024-07-13 05:43:00.933
ETH,BUY,0.1173,495267.000,2024-07-13 05:43:16.543
ETH,BUY,0.2279,495267.000,2024-07-13 05:43:17.405
ETH,BUY,0.0300,495267.000,2024-07-13 05:43:19.273
ETH,BUY,0.0021,495267.000,2024-07-13 05:43:19.341
ETH,BUY,0.0979,495500.000,2024-07-13 05:43:19.341
ETH,BUY,0.0200,495500.000,2024-07-13 05:43:19.763
ETH,BUY,0.9618,495500.000,2024-07-13 05:43:19.765
ETH,BUY,0.2000,495500.000,2024-07-13 05:43:20.048
ETH,BUY,0.1062,495500.000,2024-07-13 05:43:20.571
ETH,BUY,0.2000,495500.000,2024-07-13 05:43:20.976
ETH,BUY,0.2000,495500.000,2024-07-13 05:43:20.978
ETH,BUY,0.0880,495500.000,2024-07-13 05:43:21.453
ETH,BUY,0.2000,495500.000,2024-07-13 05:43:23.219
ETH,BUY,2.0000,495500.000,2024-07-13 05:43:24.401
ETH,SELL,0.2000,495499.000,2024-07-13 05:46:22.681
ETH,SELL,0.2000,495499.000,2024-07-13 05:46:22.930
ETH,SELL,0.2000,495499.000,2024-07-13 05:46:24.882
ETH,SELL,1.0000,495121.000,2024-07-13 05:47:14.367
ETH,SELL,1.0000,495136.000,2024-07-13 05:47:35.850
ETH,SELL,1.0000,495014.000,2024-07-13 05:47:58.138
ETH,SELL,1.0000,495007.000,2024-07-13 05:48:09.620
ETH,SELL,0.0200,495000.000,2024-07-13 05:48:43.442
ETH,SELL,0.0624,494920.000,2024-07-13 05:48:56.041
ETH,BUY,0.1000,495113.000,2024-07-13 05:50:38.946
ETH,BUY,0.0185,495267.000,2024-07-13 05:51:11.453
ETH,BUY,0.0400,495267.000,2024-07-13 05:51:26.111
ETH,BUY,0.0198,495267.000,2024-07-13 05:54:01.935
ETH,BUY,0.0191,495267.000,2024-07-13 05:54:57.354
ETH,BUY,2.0000,495267.000,2024-07-13 05:55:11.737
ETH,SELL,0.4619,495266.000,2024-07-13 05:55:12.196
ETH,SELL,0.5389,495266.000,2024-07-13 05:55:12.196
ETH,BUY,0.6000,495267.000,2024-07-13 05:55:26.569
ETH,BUY,0.0319,495267.000,2024-07-13 05:55:26.950
ETH,BUY,0.0200,495267.000,2024-07-13 05:55:39.828
ETH,BUY,0.1058,495267.000,2024-07-13 05:55:39.976
ETH,BUY,0.1449,495267.000,2024-07-13 05:55:40.096
ETH,BUY,0.1751,495274.000,2024-07-13 05:55:40.096
ETH,BUY,0.0066,495274.000,2024-07-13 05:55:40.426
ETH,BUY,0.1931,495500.000,2024-07-13 05:55:40.426
ETH,BUY,0.6000,495500.000,2024-07-13 05:55:40.573
ETH,BUY,0.0200,495500.000,2024-07-13 05:55:52.104
ETH,BUY,1.0000,495460.000,2024-07-13 05:56:31.639
ETH,SELL,0.0700,495399.000,2024-07-13 06:00:28.619
ETH,BUY,0.0200,495399.000,2024-07-13 06:00:38.071
ETH,BUY,0.0100,495408.000,2024-07-13 06:01:58.285
ETH,BUY,2.0300,495351.000,2024-07-13 06:02:41.577
ETH,BUY,0.3000,495351.000,2024-07-13 06:05:12.507
ETH,BUY,0.0200,494937.000,2024-07-13 06:12:24.619
ETH,BUY,0.0158,495385.000,2024-07-13 06:13:48.941
ETH,BUY,0.0157,495410.000,2024-07-13 06:13:49.150
ETH,BUY,0.0100,495335.000,2024-07-13 06:14:56.695
ETH,BUY,0.0100,495336.000,2024-07-13 06:14:57.120
ETH,BUY,0.0192,495335.000,2024-07-13 06:14:58.858
ETH,SELL,0.0157,495071.000,2024-07-13 06:15:49.492
ETH,SELL,0.1613,494959.000,2024-07-13 06:15:49.492
ETH,SELL,0.0157,494959.000,2024-07-13 06:15:49.929
ETH,BUY,0.3862,494976.000,2024-07-13 06:16:10.714
ETH,BUY,0.0100,494959.000,2024-07-13 06:16:49.427
ETH,BUY,0.0100,494960.000,2024-07-13 06:16:59.517
ETH,BUY,0.0208,495127.000,2024-07-13 06:18:06.925
ETH,BUY,0.0800,495115.000,2024-07-13 06:19:02.377
ETH,BUY,0.0200,495500.000,2024-07-13 06:23:14.225
ETH,BUY,0.0900,495500.000,2024-07-13 06:23:29.299
ETH,BUY,0.0030,495500.000,2024-07-13 06:23:36.451
ETH,BUY,0.0260,495597.000,2024-07-13 06:23:36.451
ETH,BUY,0.0282,495938.000,2024-07-13 06:23:44.924
ETH,BUY,0.2600,495876.000,2024-07-13 06:23:55.535
ETH,BUY,0.2000,495876.000,2024-07-13 06:23:55.635
ETH,BUY,0.0100,495815.000,2024-07-13 06:24:07.249
ETH,BUY,0.1800,495688.000,2024-07-13 06:24:33.573
ETH,BUY,0.1600,495712.000,2024-07-13 06:24:33.573
ETH,BUY,0.0789,495712.000,2024-07-13 06:24:33.662
ETH,BUY,0.2411,495878.000,2024-07-13 06:24:33.662
ETH,BUY,0.0200,495750.000,2024-07-13 06:24:37.359
ETH,BUY,0.0120,495968.000,2024-07-13 06:24:55.532
ETH,BUY,0.2100,495970.000,2024-07-13 06:24:59.171
ETH,BUY,0.0700,495976.000,2024-07-13 06:25:02.922
ETH,BUY,0.0500,495999.000,2024-07-13 06:25:16.523
ETH,BUY,0.0100,496004.000,2024-07-13 06:25:16.523
ETH,BUY,0.0112,495952.000,2024-07-13 06:26:47.207
ETH,BUY,0.0112,495958.000,2024-07-13 06:26:53.967
ETH,BUY,0.0112,495978.000,2024-07-13 06:27:00.884
ETH,SELL,0.0224,495880.000,2024-07-13 06:27:32.798
ETH,BUY,0.5000,495934.000,2024-07-13 06:28:51.217
ETH,BUY,0.6050,495801.000,2024-07-13 06:29:01.630
ETH,SELL,1.0000,496239.000,2024-07-13 06:36:25.765
ETH,SELL,0.4287,496270.000,2024-07-13 06:38:13.929
ETH,SELL,0.0100,496016.000,2024-07-13 06:39:05.936
ETH,SELL,0.0899,496010.000,2024-07-13 06:39:05.936
ETH,BUY,0.0195,496074.000,2024-07-13 06:39:20.436
ETH,BUY,0.6000,495972.000,2024-07-13 06:40:07.719
ETH,BUY,0.0999,496043.000,2024-07-13 06:40:07.882
ETH,BUY,0.5000,495658.000,2024-07-13 06:43:11.248
ETH,BUY,0.1000,495942.000,2024-07-13 06:47:31.640
ETH,BUY,0.0950,495710.000,2024-07-13 06:48:31.792
ETH,BUY,0.0500,495544.000,2024-07-13 06:51:35.905
ETH,BUY,0.0500,495812.000,2024-07-13 06:55:30.802
ETH,SELL,0.0860,495858.000,2024-07-13 06:56:04.546
ETH,BUY,0.0323,495844.000,2024-07-13 06:57:12.546
ETH,BUY,0.1100,495844.000,2024-07-13 06:57:15.304
ETH,SELL,0.1000,495662.000,2024-07-13 06:57:43.928
ETH,BUY,0.0100,495755.000,2024-07-13 06:59:00.515
ETH,BUY,0.0100,495723.000,2024-07-13 06:59:18.710
ETH,BUY,1.0000,495533.000,2024-07-13 07:05:47.013
ETH,BUY,0.6000,495698.000,2024-07-13 07:07:47.212
ETH,BUY,0.0400,495786.000,2024-07-13 07:08:22.392
ETH,BUY,0.0500,495756.000,2024-07-13 07:08:31.874
ETH,BUY,0.0100,495753.000,2024-07-13 07:08:35.617
ETH,BUY,0.0200,495713.000,2024-07-13 07:08:39.082
ETH,SELL,0.0100,495681.000,2024-07-13 07:08:49.659
ETH,BUY,0.0100,495756.000,2024-07-13 07:09:21.275
ETH,BUY,0.2100,496027.000,2024-07-13 07:11:22.107
ETH,BUY,0.0100,496022.000,2024-07-13 07:11:50.415
ETH,SELL,0.0150,496119.000,2024-07-13 07:14:42.203
ETH,BUY,0.0103,495952.000,2024-07-13 07:17:57.433
ETH,BUY,0.0108,495697.000,2024-07-13 07:21:43.428
ETH,BUY,0.2000,496312.000,2024-07-13 07:28:28.398
ETH,BUY,0.1647,496270.000,2024-07-13 07:30:29.111
ETH,BUY,0.1353,496272.000,2024-07-13 07:30:29.111
ETH,BUY,0.0647,496272.000,2024-07-13 07:30:29.222
ETH,SELL,0.0352,495925.000,2024-07-13 07:35:35.481
ETH,SELL,0.2000,496158.000,2024-07-13 07:37:33.910
ETH,SELL,0.3000,496043.000,2024-07-13 07:37:33.910
ETH,SELL,0.0277,496043.000,2024-07-13 07:37:34.938
ETH,BUY,0.0300,496042.000,2024-07-13 07:37:39.639
ETH,BUY,0.0121,496175.000,2024-07-13 07:37:59.922
ETH,BUY,0.0400,496037.000,2024-07-13 07:39:06.612
ETH,BUY,0.0100,495857.000,2024-07-13 07:41:44.456
ETH,BUY,1.0000,495837.000,2024-07-13 07:42:33.596
ETH,BUY,0.0130,496065.000,2024-07-13 07:42:33.596
ETH,BUY,0.0200,495928.000,2024-07-13 07:44:17.484
ETH,BUY,0.3000,495689.000,2024-07-13 07:53:17.811
ETH,BUY,1.0000,495870.000,2024-07-13 07:54:53.984
ETH,BUY,1.6767,496016.000,2024-07-13 07:54:54.996
ETH,BUY,0.3233,496016.000,2024-07-13 07:54:54.996
ETH,BUY,1.0000,495836.000,2024-07-13 08:01:28.894
ETH,BUY,0.0090,496084.000,2024-07-13 08:01:28.894
ETH,SELL,0.0484,495851.000,2024-07-13 08:01:51.438
ETH,BUY,0.0630,495842.000,2024-07-13 08:04:29.160
ETH,BUY,0.1000,496280.000,2024-07-13 08:06:40.879
ETH,BUY,0.0200,496296.000,2024-07-13 08:06:54.402
ETH,BUY,0.0300,496432.000,2024-07-13 08:12:44.298
ETH,BUY,0.6063,496487.000,2024-07-13 08:18:16.712
ETH,BUY,0.0100,496538.000,2024-07-13 08:18:28.696
ETH,BUY,3.4107,496538.000,2024-07-13 08:18:28.696
ETH,BUY,0.0700,496530.000,2024-07-13 08:22:40.809
ETH,BUY,0.0140,496575.000,2024-07-13 08:23:21.990
ETH,BUY,0.1000,496568.000,2024-07-13 08:27:00.309
ETH,BUY,0.0900,496654.000,2024-07-13 08:30:36.883
ETH,SELL,0.0900,496454.000,2024-07-13 08:35:58.818
ETH,BUY,0.0100,496683.000,2024-07-13 08:37:30.115
ETH,BUY,0.0100,496765.000,2024-07-13 08:37:41.315
ETH,SELL,0.0106,496654.000,2024-07-13 08:38:03.748
ETH,SELL,0.0094,496654.000,2024-07-13 08:39:04.023
ETH,SELL,0.0101,496454.000,2024-07-13 08:39:04.023
ETH,SELL,0.0100,496296.000,2024-07-13 08:39:04.023
ETH,SELL,0.0161,496188.000,2024-07-13 08:39:04.023
ETH,SELL,0.1544,496129.000,2024-07-13 08:39:05.180
ETH,SELL,0.1000,496129.000,2024-07-13 08:39:05.339
ETH,BUY,0.1000,496190.000,2024-07-13 08:43:31.690
ETH,BUY,0.1000,496219.000,2024-07-13 08:43:43.808
ETH,BUY,0.1060,496295.000,2024-07-13 08:44:14.326
ETH,BUY,0.2544,496298.000,2024-07-13 08:44:14.326
ETH,BUY,0.0161,496329.000,2024-07-13 08:44:14.326
ETH,BUY,1.0000,496377.000,2024-07-13 08:44:14.326
ETH,BUY,4.6235,496393.000,2024-07-13 08:44:14.326
ETH,SELL,0.0123,496000.000,2024-07-13 08:48:17.930
ETH,SELL,0.0324,496001.000,2024-07-13 08:49:27.951
ETH,BUY,0.1000,496011.000,2024-07-13 08:49:36.395
ETH,SELL,0.5000,496001.000,2024-07-13 08:49:51.186
ETH,SELL,0.2437,496001.000,2024-07-13 08:50:26.524
ETH,SELL,0.2563,496000.000,2024-07-13 08:50:26.524
ETH,BUY,0.0100,496001.000,2024-07-13 08:50:46.404
ETH,SELL,0.5000,496000.000,2024-07-13 08:50:51.048
ETH,SELL,0.2000,496000.000,2024-07-13 08:52:28.029
ETH,SELL,0.0313,496000.000,2024-07-13 08:52:56.245
ETH,SELL,0.0001,496000.000,2024-07-13 08:55:00.039
ETH,SELL,0.0410,495555.000,2024-07-13 08:55:00.039
ETH,SELL,0.0089,495500.000,2024-07-13 08:55:00.039
ETH,SELL,0.0111,495500.000,2024-07-13 08:57:59.929
ETH,SELL,0.3112,495433.000,2024-07-13 08:57:59.929
ETH,SELL,0.0100,495000.000,2024-07-13 08:58:24.389
ETH,SELL,0.1000,495000.000,2024-07-13 08:58:24.389
ETH,BUY,1.0000,494767.000,2024-07-13 08:59:23.245
ETH,SELL,0.0114,494986.000,2024-07-13 09:00:34.920
ETH,BUY,0.0200,495291.000,2024-07-13 09:04:15.085
ETH,SELL,0.0247,495661.000,2024-07-13 09:08:51.318
ETH,BUY,0.0100,495957.000,2024-07-13 09:09:06.563
ETH,SELL,0.3200,495726.000,2024-07-13 09:09:44.178
ETH,BUY,0.1598,495987.000,2024-07-13 09:13:52.418
ETH,BUY,0.0600,496000.000,2024-07-13 09:18:41.973
ETH,BUY,0.0147,496000.000,2024-07-13 09:19:25.465
ETH,BUY,0.4253,496000.000,2024-07-13 09:19:37.917
ETH,BUY,1.0000,496448.000,2024-07-13 09:20:09.837
ETH,BUY,0.1000,497000.000,2024-07-13 09:23:36.127
ETH,BUY,0.0410,497300.000,2024-07-13 09:28:15.191
ETH,BUY,0.0589,497353.000,2024-07-13 09:28:15.191
ETH,BUY,0.1000,497353.000,2024-07-13 09:28:15.651
ETH,BUY,0.0200,497353.000,2024-07-13 09:28:16.004
ETH,BUY,0.0488,497353.000,2024-07-13 09:28:16.006
ETH,BUY,0.0100,497982.000,2024-07-13 09:29:12.537
ETH,BUY,0.1101,498000.000,2024-07-13 09:29:15.134
ETH,BUY,0.4900,498000.000,2024-07-13 09:29:32.450
ETH,BUY,0.5000,498000.000,2024-07-13 09:29:33.833
ETH,BUY,0.0285,498000.000,2024-07-13 09:29:48.424
ETH,BUY,0.3000,498000.000,2024-07-13 09:29:49.615
ETH,BUY,0.0346,498000.000,2024-07-13 09:29:53.919
ETH,BUY,0.1000,498000.000,2024-07-13 09:29:57.037
ETH,BUY,0.5000,498000.000,2024-07-13 09:29:57.038
ETH,BUY,0.1300,498000.000,2024-07-13 09:29:57.222
ETH,BUY,1.8000,498000.000,2024-07-13 09:29:57.223
ETH,BUY,0.0066,498000.000,2024-07-13 09:30:16.441
ETH,BUY,0.2000,498749.000,2024-07-13 09:30:16.898
ETH,BUY,0.1000,498749.000,2024-07-13 09:30:16.900
ETH,BUY,0.1000,498749.000,2024-07-13 09:30:17.159
ETH,BUY,0.6000,498749.000,2024-07-13 09:30:17.491
ETH,BUY,0.0900,498771.000,2024-07-13 09:30:17.491
ETH,BUY,1.7073,498771.000,2024-07-13 09:30:17.492
ETH,BUY,1.6700,499059.000,2024-07-13 09:30:17.683
ETH,BUY,0.1301,499253.000,2024-07-13 09:30:18.182
ETH,BUY,0.0699,499379.000,2024-07-13 09:30:18.182
ETH,BUY,0.1000,499500.000,2024-07-13 09:30:19.121
ETH,BUY,0.1109,499500.000,2024-07-13 09:30:22.520
ETH,BUY,0.2891,499500.000,2024-07-13 09:30:29.556
ETH,BUY,0.1000,499615.000,2024-07-13 09:30:36.694
ETH,BUY,0.1000,499605.000,2024-07-13 09:30:44.397
ETH,BUY,0.0114,499778.000,2024-07-13 09:30:56.463
ETH,SELL,0.1000,498821.000,2024-07-13 09:32:00.391
ETH,SELL,0.3588,498915.000,2024-07-13 09:32:49.801
ETH,SELL,0.5000,498691.000,2024-07-13 09:35:02.888
ETH,BUY,0.0400,498637.000,2024-07-13 09:35:34.064
ETH,BUY,0.0190,498124.000,2024-07-13 09:36:45.490
ETH,SELL,0.1152,497485.000,2024-07-13 09:39:09.039
ETH,SELL,1.5948,497484.000,2024-07-13 09:39:09.039
ETH,SELL,0.0111,497870.000,2024-07-13 09:40:47.476
ETH,SELL,0.1889,497665.000,2024-07-13 09:40:47.476
ETH,BUY,1.0000,497548.000,2024-07-13 09:41:05.360
ETH,BUY,0.2644,497928.000,2024-07-13 09:41:05.360
ETH,BUY,0.6471,497928.000,2024-07-13 09:41:05.360
ETH,BUY,0.0885,497930.000,2024-07-13 09:41:05.360
ETH,BUY,0.0644,497930.000,2024-07-13 09:41:05.454
ETH,BUY,0.5000,497897.000,2024-07-13 09:42:03.623
ETH,SELL,0.0200,497675.000,2024-07-13 09:42:36.479
ETH,BUY,1.0000,497661.000,2024-07-13 09:43:12.238
ETH,BUY,0.2000,497743.000,2024-07-13 09:46:23.605
ETH,BUY,1.0000,497739.000,2024-07-13 09:47:39.807
ETH,BUY,1.0060,498044.000,2024-07-13 09:47:39.807
ETH,BUY,0.0100,497932.000,2024-07-13 09:50:40.478
ETH,BUY,0.1000,498535.000,2024-07-13 09:55:17.783
ETH,BUY,0.2000,498886.000,2024-07-13 09:55:40.176
ETH,BUY,0.1000,498886.000,2024-07-13 09:55:40.364
ETH,BUY,0.3986,499000.000,2024-07-13 09:55:40.591
ETH,BUY,0.0300,499000.000,2024-07-13 09:55:40.653
ETH,BUY,0.1714,499000.000,2024-07-13 09:55:40.654
ETH,BUY,0.0787,499298.000,2024-07-13 09:55:40.657
ETH,BUY,0.2381,499405.000,2024-07-13 09:55:40.657
ETH,BUY,0.7619,499405.000,2024-07-13 09:55:40.769
ETH,BUY,0.3000,499500.000,2024-07-13 09:55:40.769
ETH,BUY,0.1000,499869.000,2024-07-13 09:55:41.178
ETH,BUY,0.0130,499870.000,2024-07-13 09:55:41.980
ETH,BUY,0.1000,500000.000,2024-07-13 09:55:41.980
ETH,BUY,0.0120,500000.000,2024-07-13 09:55:41.980
ETH,BUY,0.1750,500000.000,2024-07-13 09:55:41.980
ETH,BUY,0.2000,500000.000,2024-07-13 09:55:42.316
ETH,BUY,0.6014,500000.000,2024-07-13 09:55:42.450
ETH,BUY,0.0236,500000.000,2024-07-13 09:55:42.451
ETH,BUY,0.0100,500000.000,2024-07-13 09:55:42.451
ETH,BUY,0.0664,500000.000,2024-07-13 09:55:42.451
ETH,BUY,0.2000,500000.000,2024-07-13 09:55:42.839
ETH,BUY,1.7900,500000.000,2024-07-13 09:55:43.678
ETH,BUY,1.0000,500000.000,2024-07-13 09:55:44.070
ETH,BUY,0.3631,500000.000,2024-07-13 09:55:44.636
ETH,BUY,0.1000,500000.000,2024-07-13 09:55:44.636
ETH,BUY,0.0100,500300.000,2024-07-13 09:55:46.957
ETH,BUY,0.0900,500734.000,2024-07-13 09:55:46.957
ETH,BUY,1.0000,500604.000,2024-07-13 09:55:51.536
ETH,BUY,0.5000,500885.000,2024-07-13 09:55:51.536
ETH,SELL,0.1999,500828.000,2024-07-13 09:55:59.229
ETH,BUY,0.0100,500834.000,2024-07-13 09:56:01.164
ETH,BUY,0.1500,501094.000,2024-07-13 09:56:02.873
ETH,BUY,0.0400,500740.000,2024-07-13 09:56:09.810
ETH,BUY,0.0100,500742.000,2024-07-13 09:56:16.108
ETH,SELL,0.0323,500670.000,2024-07-13 09:56:40.299
ETH,SELL,0.0677,500435.000,2024-07-13 09:56:40.299
ETH,BUY,0.0216,500218.000,2024-07-13 09:59:14.956
ETH,SELL,0.1000,499681.000,2024-07-13 10:02:37.803
ETH,SELL,1.4000,499830.000,2024-07-13 10:03:00.866
ETH,SELL,0.8100,499796.000,2024-07-13 10:03:00.866
ETH,SELL,0.5100,499795.000,2024-07-13 10:03:00.866
ETH,SELL,1.8000,499795.000,2024-07-13 10:03:00.866
ETH,SELL,0.2555,499794.000,2024-07-13 10:03:00.866
ETH,SELL,0.1000,499790.000,2024-07-13 10:03:00.866
ETH,SELL,0.1123,499790.000,2024-07-13 10:03:00.866
ETH,SELL,0.3300,499761.000,2024-07-13 10:03:00.866
ETH,SELL,0.0555,499612.000,2024-07-13 10:03:01.113
ETH,BUY,0.0983,499681.000,2024-07-13 10:03:02.923
ETH,BUY,0.0100,499681.000,2024-07-13 10:03:02.985
ETH,BUY,0.0400,499681.000,2024-07-13 10:03:03.675
ETH,BUY,1.0000,499681.000,2024-07-13 10:03:16.137
ETH,BUY,2.0000,499681.000,2024-07-13 10:03:18.862
ETH,BUY,2.0000,499681.000,2024-07-13 10:03:25.858
ETH,BUY,0.1000,499680.000,2024-07-13 10:05:04.623
ETH,SELL,0.7800,499583.000,2024-07-13 10:05:08.517
ETH,BUY,0.0438,499500.000,2024-07-13 10:05:26.506
ETH,BUY,2.0000,499500.000,2024-07-13 10:05:28.575
ETH,SELL,1.0526,499438.000,2024-07-13 10:05:29.030
ETH,BUY,0.1000,499500.000,2024-07-13 10:05:33.842
ETH,BUY,0.0200,499500.000,2024-07-13 10:06:38.108
ETH,BUY,0.4000,499500.000,2024-07-13 10:07:28.180
ETH,BUY,0.1901,499500.000,2024-07-13 10:07:44.982
ETH,BUY,0.0099,499800.000,2024-07-13 10:07:44.982
ETH,BUY,0.0332,499800.000,2024-07-13 10:07:52.936
ETH,BUY,0.0375,499800.000,2024-07-13 10:08:55.429
ETH,BUY,0.0525,499800.000,2024-07-13 10:09:14.873
ETH,BUY,0.0392,499800.000,2024-07-13 10:09:22.736
ETH,BUY,0.0777,499800.000,2024-07-13 10:09:23.383
ETH,BUY,0.2423,500099.000,2024-07-13 10:09:23.383
ETH,BUY,0.2000,500101.000,2024-07-13 10:09:24.281
ETH,BUY,0.0719,500101.000,2024-07-13 10:09:24.945
ETH,BUY,1.5212,500226.000,2024-07-13 10:09:26.371
ETH,BUY,0.4788,500227.000,2024-07-13 10:09:26.371
ETH,SELL,0.1694,500135.000,2024-07-13 10:10:07.248
ETH,BUY,0.0302,500417.000,2024-07-13 10:10:19.943
ETH,BUY,0.0198,500218.000,2024-07-13 10:10:58.450
ETH,BUY,0.0646,500079.000,2024-07-13 10:12:24.938
ETH,BUY,1.0488,499805.000,2024-07-13 10:13:30.738
ETH,BUY,0.2000,499805.000,2024-07-13 10:13:30.738
ETH,BUY,0.6454,499829.000,2024-07-13 10:13:30.738
ETH,BUY,2.3100,499829.000,2024-07-13 10:13:30.738
ETH,BUY,0.0100,500260.000,2024-07-13 10:16:18.344
ETH,SELL,0.5600,500000.000,2024-07-13 10:17:46.540
ETH,BUY,0.1900,500140.000,2024-07-13 10:17:56.657
ETH,BUY,0.4100,500144.000,2024-07-13 10:17:56.657
ETH,SELL,0.2000,500000.000,2024-07-13 10:17:59.222
ETH,SELL,0.0358,500000.000,2024-07-13 10:18:00.016
ETH,SELL,0.1642,499685.000,2024-07-13 10:18:00.016
ETH,SELL,0.0238,499685.000,2024-07-13 10:18:00.442
ETH,SELL,0.1000,499685.000,2024-07-13 10:18:01.363
ETH,BUY,0.0100,499587.000,2024-07-13 10:18:05.167
ETH,SELL,0.0107,499580.000,2024-07-13 10:18:05.928
ETH,BUY,0.8000,500033.000,2024-07-13 10:20:40.044
ETH,BUY,0.0100,499946.000,2024-07-13 10:23:13.784
ETH,BUY,1.0000,499976.000,2024-07-13 10:23:30.206
ETH,SELL,0.1000,500145.000,2024-07-13 10:25:49.917
ETH,SELL,0.2000,500000.000,2024-07-13 10:30:46.659
ETH,SELL,0.2000,500000.000,2024-07-13 10:30:46.741
ETH,SELL,0.6003,500000.000,2024-07-13 10:30:47.059
ETH,SELL,0.2000,500000.000,2024-07-13 10:30:48.971
ETH,SELL,0.0617,500000.000,2024-07-13 10:30:49.812
ETH,SELL,0.0300,500000.000,2024-07-13 10:31:05.453
ETH,SELL,0.6003,500000.000,2024-07-13 10:31:05.574
ETH,SELL,0.2000,500000.000,2024-07-13 10:31:05.907
ETH,SELL,0.1000,500000.000,2024-07-13 10:31:26.467
ETH,SELL,0.0300,500000.000,2024-07-13 10:31:28.515
ETH,SELL,0.5000,500000.000,2024-07-13 10:31:28.590
ETH,SELL,0.0100,500000.000,2024-07-13 10:31:28.674
ETH,SELL,0.4722,500000.000,2024-07-13 10:31:28.697
ETH,SELL,0.2000,500000.000,2024-07-13 10:31:28.910
ETH,SELL,0.0300,500000.000,2024-07-13 10:31:29.143
ETH,SELL,0.0100,500000.000,2024-07-13 10:31:29.550
ETH,SELL,0.0100,500000.000,2024-07-13 10:31:29.638
ETH,SELL,0.3200,500000.000,2024-07-13 10:31:30.099
ETH,SELL,0.0222,500000.000,2024-07-13 10:31:30.146
ETH,SELL,0.1000,500000.000,2024-07-13 10:31:30.262
ETH,SELL,0.0776,500000.000,2024-07-13 10:31:34.768
ETH,SELL,0.0257,500000.000,2024-07-13 10:31:35.426
ETH,SELL,0.4397,500000.000,2024-07-13 10:31:35.426
ETH,SELL,0.0100,500000.000,2024-07-13 10:31:36.021
ETH,SELL,0.0100,500000.000,2024-07-13 10:31:36.111
ETH,SELL,0.5000,500000.000,2024-07-13 10:31:36.303
ETH,SELL,0.3200,500000.000,2024-07-13 10:31:36.469
ETH,SELL,0.0300,500000.000,2024-07-13 10:31:36.667
ETH,SELL,0.2000,500000.000,2024-07-13 10:31:36.882
ETH,SELL,0.0303,500000.000,2024-07-13 10:31:39.571
ETH,BUY,0.0100,499888.000,2024-07-13 10:32:07.850
ETH,BUY,0.0100,499879.000,2024-07-13 10:32:11.469
ETH,SELL,0.0100,499500.000,2024-07-13 10:32:25.915
ETH,SELL,0.1900,499156.000,2024-07-13 10:32:25.915
ETH,SELL,0.2500,499001.000,2024-07-13 10:34:10.118
ETH,SELL,0.0100,499000.000,2024-07-13 10:35:19.414
ETH,SELL,0.0100,499000.000,2024-07-13 10:35:19.414
ETH,SELL,1.0000,498640.000,2024-07-13 10:35:19.414
ETH,SELL,0.6800,498423.000,2024-07-13 10:35:19.414
ETH,BUY,0.0500,498694.000,2024-07-13 10:35:23.220
ETH,SELL,1.0000,498872.000,2024-07-13 10:35:36.443
ETH,SELL,0.5000,498749.000,2024-07-13 10:35:36.443
ETH,BUY,0.0210,498994.000,2024-07-13 10:41:00.800
ETH,SELL,0.4790,498749.000,2024-07-13 10:41:50.076
ETH,BUY,0.0500,499094.000,2024-07-13 10:42:10.799
ETH,SELL,0.0343,498749.000,2024-07-13 10:46:06.948
ETH,SELL,0.2400,498749.000,2024-07-13 10:46:43.085
ETH,SELL,0.5000,498749.000,2024-07-13 10:47:14.048
ETH,SELL,0.3200,498749.000,2024-07-13 10:47:18.411
ETH,SELL,0.0300,498749.000,2024-07-13 10:47:18.520
ETH,SELL,0.2600,498749.000,2024-07-13 10:47:19.180
ETH,SELL,0.2000,498749.000,2024-07-13 10:47:19.180
ETH,SELL,0.0100,498749.000,2024-07-13 10:47:19.421
ETH,SELL,0.0100,498749.000,2024-07-13 10:47:19.435
ETH,SELL,0.5000,498749.000,2024-07-13 10:47:19.685
ETH,SELL,0.1000,498749.000,2024-07-13 10:47:20.158
ETH,SELL,0.0334,498749.000,2024-07-13 10:47:25.448
ETH,SELL,0.3200,498749.000,2024-07-13 10:47:35.941
ETH,SELL,0.0100,498749.000,2024-07-13 10:47:35.981
ETH,SELL,0.5000,498749.000,2024-07-13 10:47:36.371
ETH,SELL,0.0100,498749.000,2024-07-13 10:47:36.499
ETH,SELL,0.0300,498749.000,2024-07-13 10:47:36.656
ETH,SELL,0.1000,498749.000,2024-07-13 10:47:37.216
ETH,SELL,0.0497,498749.000,2024-07-13 10:47:37.217
ETH,SELL,0.0179,498749.000,2024-07-13 10:48:00.422
ETH,SELL,0.0204,498749.000,2024-07-13 10:48:21.171
ETH,SELL,0.0281,498749.000,2024-07-13 10:48:32.373
ETH,BUY,0.0100,499067.000,2024-07-13 10:50:19.020
ETH,BUY,0.0100,499248.000,2024-07-13 10:50:40.322
ETH,BUY,0.1900,499252.000,2024-07-13 10:50:40.322
ETH,BUY,0.0100,499434.000,2024-07-13 10:50:43.933
ETH,SELL,0.1000,499219.000,2024-07-13 10:51:20.497
ETH,BUY,1.0000,498881.000,2024-07-13 10:51:42.305
ETH,BUY,1.0000,498919.000,2024-07-13 10:51:45.372
ETH,BUY,0.0503,498920.000,2024-07-13 10:51:45.372
ETH,BUY,0.0503,499246.000,2024-07-13 10:51:49.423
ETH,BUY,0.6500,498822.000,2024-07-13 10:52:20.170
ETH,BUY,0.3500,498822.000,2024-07-13 10:52:20.502
ETH,BUY,0.2000,499518.000,2024-07-13 10:58:00.831
ETH,BUY,0.0700,499642.000,2024-07-13 10:58:19.521
ETH,SELL,1.0000,499700.000,2024-07-13 10:59:24.858
ETH,BUY,0.0500,499625.000,2024-07-13 11:00:10.125
ETH,SELL,0.4500,499532.000,2024-07-13 11:00:18.847
ETH,SELL,0.7972,498749.000,2024-07-13 11:08:23.228
ETH,SELL,0.0100,498735.000,2024-07-13 11:09:20.498
ETH,SELL,0.0300,498735.000,2024-07-13 11:09:20.703
ETH,SELL,0.0100,498649.000,2024-07-13 11:09:21.718
ETH,SELL,0.3000,498852.000,2024-07-13 11:13:49.214
ETH,BUY,0.1000,498793.000,2024-07-13 11:16:53.762
ETH,BUY,0.0100,498789.000,2024-07-13 11:20:01.703
ETH,BUY,0.8400,499148.000,2024-07-13 11:28:54.749
ETH,BUY,0.1999,499140.000,2024-07-13 11:29:25.341
ETH,BUY,0.0800,499284.000,2024-07-13 11:29:31.730
ETH,BUY,0.6000,499241.000,2024-07-13 11:30:56.379
ETH,BUY,0.1000,499196.000,2024-07-13 11:32:41.924
ETH,BUY,0.0501,499545.000,2024-07-13 11:33:13.218
ETH,BUY,0.0499,499580.000,2024-07-13 11:33:13.218
ETH,BUY,1.0000,499508.000,2024-07-13 11:35:19.598
ETH,BUY,0.5000,499580.000,2024-07-13 11:35:19.598
ETH,BUY,0.0184,499575.000,2024-07-13 11:35:21.723
ETH,BUY,0.0816,499580.000,2024-07-13 11:35:21.723
ETH,BUY,0.0184,499580.000,2024-07-13 11:35:24.926
ETH,BUY,0.1600,499449.000,2024-07-13 11:35:32.291
ETH,BUY,0.0300,499580.000,2024-07-13 11:35:39.025
ETH,BUY,0.0135,499575.000,2024-07-13 11:35:56.744
ETH,BUY,0.3700,499580.000,2024-07-13 11:35:56.744
ETH,BUY,0.2165,499600.000,2024-07-13 11:35:56.744
ETH,BUY,0.0135,499600.000,2024-07-13 11:36:00.488
ETH,SELL,0.0101,499270.000,2024-07-13 11:37:07.052
ETH,BUY,0.0283,499595.000,2024-07-13 11:39:20.229
ETH,BUY,0.0217,499600.000,2024-07-13 11:39:20.229
ETH,BUY,0.0283,499600.000,2024-07-13 11:39:24.418
ETH,BUY,0.0200,499396.000,2024-07-13 11:39:56.885
ETH,BUY,0.0250,499507.000,2024-07-13 11:42:44.716
ETH,SELL,0.1000,499162.000,2024-07-13 11:52:40.154
ETH,SELL,0.0100,499406.000,2024-07-13 11:56:21.112
ETH,SELL,0.0200,499406.000,2024-07-13 11:56:21.115
ETH,SELL,0.0100,499231.000,2024-07-13 11:56:21.115
ETH,SELL,0.0100,499231.000,2024-07-13 11:56:22.131
ETH,BUY,1.6000,499472.000,2024-07-13 12:00:08.536
ETH,BUY,0.0340,499357.000,2024-07-13 12:01:18.215
ETH,BUY,0.1000,499408.000,2024-07-13 12:02:28.049
ETH,BUY,0.0100,499376.000,2024-07-13 12:04:51.558
ETH,BUY,0.0100,499366.000,2024-07-13 12:04:53.934
ETH,SELL,0.0848,499306.000,2024-07-13 12:04:56.892
ETH,SELL,0.1052,499306.000,2024-07-13 12:05:31.488
ETH,SELL,0.0179,499306.000,2024-07-13 12:06:03.021
ETH,SELL,0.0536,499306.000,2024-07-13 12:06:14.854
ETH,SELL,0.5247,499306.000,2024-07-13 12:06:18.498
ETH,SELL,0.0100,499300.000,2024-07-13 12:06:18.498
ETH,SELL,0.0652,499162.000,2024-07-13 12:06:18.498
ETH,SELL,0.0848,499162.000,2024-07-13 12:06:24.119
ETH,SELL,1.0000,499000.000,2024-07-13 12:06:24.119
ETH,SELL,0.6052,498789.000,2024-07-13 12:06:24.119
ETH,SELL,0.0780,499171.000,2024-07-13 12:07:15.024
ETH,SELL,0.0300,499200.000,2024-07-13 12:09:42.777
ETH,SELL,0.0100,499200.000,2024-07-13 12:09:43.442
ETH,SELL,0.0100,499200.000,2024-07-13 12:09:43.470
ETH,SELL,0.1000,499200.000,2024-07-13 12:09:44.215
ETH,SELL,0.4900,498904.000,2024-07-13 12:12:47.269
ETH,SELL,1.5590,498903.000,2024-07-13 12:12:47.269
ETH,BUY,0.0400,498910.000,2024-07-13 12:13:09.676
ETH,BUY,0.0200,499060.000,2024-07-13 12:19:48.191
ETH,BUY,0.0663,499052.000,2024-07-13 12:21:24.746
ETH,BUY,0.5384,499553.000,2024-07-13 12:22:48.536
ETH,BUY,0.9616,499572.000,2024-07-13 12:22:48.536
ETH,BUY,0.1500,499594.000,2024-07-13 12:22:56.723
ETH,BUY,0.0300,499484.000,2024-07-13 12:23:05.532
ETH,BUY,0.0100,499525.000,2024-07-13 12:23:11.521
ETH,BUY,0.0100,499446.000,2024-07-13 12:24:56.561
ETH,BUY,0.0900,499456.000,2024-07-13 12:24:56.561
ETH,BUY,0.0100,499168.000,2024-07-13 12:24:59.438
ETH,SELL,0.0224,499194.000,2024-07-13 12:26:40.957
ETH,BUY,0.0100,499496.000,2024-07-13 12:29:44.102
ETH,BUY,0.0300,499521.000,2024-07-13 12:30:20.759
ETH,BUY,0.0100,499519.000,2024-07-13 12:30:35.092
ETH,SELL,0.0100,499301.000,2024-07-13 12:30:35.464
ETH,BUY,0.0776,499301.000,2024-07-13 12:32:42.165
ETH,BUY,0.3000,499301.000,2024-07-13 12:34:03.259
ETH,SELL,1.0000,499300.000,2024-07-13 12:35:48.276
ETH,SELL,0.8111,499300.000,2024-07-13 12:35:48.276
ETH,SELL,0.0400,499300.000,2024-07-13 12:35:48.276
ETH,SELL,0.1700,499300.000,2024-07-13 12:35:48.276
ETH,BUY,0.0188,499200.000,2024-07-13 12:37:04.045
ETH,SELL,0.0400,499148.000,2024-07-13 12:37:09.104
ETH,BUY,0.0395,499200.000,2024-07-13 12:38:15.566
ETH,BUY,0.0600,499200.000,2024-07-13 12:38:19.502
ETH,BUY,0.3163,499200.000,2024-07-13 12:39:25.636
ETH,SELL,0.2100,499199.000,2024-07-13 12:40:03.241
ETH,SELL,0.0205,499195.000,2024-07-13 12:40:03.241
ETH,SELL,0.0100,499000.000,2024-07-13 12:40:03.241
ETH,BUY,0.1000,499000.000,2024-07-13 12:40:03.730
ETH,BUY,0.1000,499000.000,2024-07-13 12:40:03.917
ETH,BUY,0.1000,499000.000,2024-07-13 12:40:04.245
ETH,BUY,0.2100,499000.000,2024-07-13 12:40:04.438
ETH,BUY,0.1000,499000.000,2024-07-13 12:40:05.499
ETH,BUY,0.5000,499000.000,2024-07-13 12:40:05.581
ETH,BUY,0.1237,499000.000,2024-07-13 12:40:05.921
ETH,BUY,0.5000,499000.000,2024-07-13 12:40:06.424
ETH,BUY,0.3000,499000.000,2024-07-13 12:40:06.849
ETH,BUY,0.2000,499000.000,2024-07-13 12:40:07.059
ETH,BUY,0.5000,499000.000,2024-07-13 12:40:09.567
ETH,BUY,0.0100,499000.000,2024-07-13 12:40:10.442
ETH,BUY,0.0607,499000.000,2024-07-13 12:40:10.576
ETH,BUY,0.0300,499000.000,2024-07-13 12:40:10.693
ETH,BUY,0.4000,499000.000,2024-07-13 12:40:10.831
ETH,BUY,0.0119,499000.000,2024-07-13 12:40:10.951
ETH,BUY,0.2000,499000.000,2024-07-13 12:40:11.072
ETH,BUY,0.6000,499000.000,2024-07-13 12:40:11.112
ETH,BUY,0.0100,499000.000,2024-07-13 12:40:11.414
ETH,BUY,0.4000,499000.000,2024-07-13 12:40:11.619
ETH,BUY,0.1000,499000.000,2024-07-13 12:40:11.773
ETH,BUY,0.3200,499000.000,2024-07-13 12:40:13.236
ETH,BUY,0.2000,499000.000,2024-07-13 12:40:13.954
ETH,BUY,0.3999,499000.000,2024-07-13 12:40:15.517
ETH,BUY,0.2000,499510.000,2024-07-13 12:40:16.092
ETH,BUY,0.3200,499600.000,2024-07-13 12:42:03.306
ETH,BUY,1.5991,499647.000,2024-07-13 12:42:03.306
ETH,BUY,1.0809,499649.000,2024-07-13 12:42:03.306
ETH,SELL,0.0200,499668.000,2024-07-13 12:43:21.626
ETH,BUY,0.1319,499807.000,2024-07-13 12:45:43.022
ETH,BUY,0.0432,499833.000,2024-07-13 12:47:31.877
ETH,SELL,0.0100,498945.000,2024-07-13 12:48:45.966
ETH,SELL,0.0100,498945.000,2024-07-13 12:48:45.966
ETH,BUY,0.5000,498866.000,2024-07-13 12:51:03.156
ETH,BUY,0.4000,499390.000,2024-07-13 12:52:25.488
ETH,BUY,0.0110,499536.000,2024-07-13 12:54:38.336
ETH,BUY,0.0110,499578.000,2024-07-13 12:54:40.943
ETH,BUY,0.0312,499635.000,2024-07-13 12:55:02.613
ETH,BUY,0.4000,499333.000,2024-07-13 12:58:10.741
ETH,BUY,0.0700,499347.000,2024-07-13 12:58:49.956
ETH,BUY,0.0100,499215.000,2024-07-13 12:59:55.882
ETH,BUY,0.2000,498900.000,2024-07-13 13:04:47.573
ETH,SELL,0.0400,498802.000,2024-07-13 13:06:55.104
ETH,SELL,0.4600,498800.000,2024-07-13 13:06:55.104
ETH,SELL,0.2000,498789.000,2024-07-13 13:08:34.383
ETH,SELL,0.1948,498789.000,2024-07-13 13:08:36.556
ETH,SELL,0.0052,498655.000,2024-07-13 13:08:36.556
ETH,SELL,0.0048,498655.000,2024-07-13 13:11:48.423
ETH,BUY,0.0100,498571.000,2024-07-13 13:11:56.989
ETH,BUY,0.6903,498576.000,2024-07-13 13:11:56.989
ETH,BUY,0.2997,498591.000,2024-07-13 13:11:56.989
ETH,BUY,0.0100,498585.000,2024-07-13 13:11:59.970
ETH,SELL,0.1000,498384.000,2024-07-13 13:12:20.374
ETH,BUY,0.0100,498912.000,2024-07-13 13:17:46.655
ETH,BUY,0.0310,498916.000,2024-07-13 13:17:46.655
ETH,BUY,0.0100,498906.000,2024-07-13 13:17:48.925
ETH,BUY,1.0000,498670.000,2024-07-13 13:22:26.366
ETH,BUY,0.0100,498319.000,2024-07-13 13:26:45.351
ETH,SELL,0.2000,498410.000,2024-07-13 13:28:00.865
ETH,SELL,0.3000,498406.000,2024-07-13 13:28:00.865
ETH,BUY,0.0300,498416.000,2024-07-13 13:28:36.602
ETH,BUY,0.0100,498644.000,2024-07-13 13:31:41.118
ETH,SELL,0.0210,498416.000,2024-07-13 13:36:14.055
ETH,BUY,0.2000,498230.000,2024-07-13 13:37:45.429
ETH,BUY,0.3500,498231.000,2024-07-13 13:37:45.429
ETH,BUY,0.0100,498121.000,2024-07-13 13:39:10.369
ETH,BUY,0.0900,498136.000,2024-07-13 13:39:10.369
ETH,BUY,0.0100,498136.000,2024-07-13 13:39:13.927
ETH,BUY,0.6022,498162.000,2024-07-13 13:39:43.964
ETH,BUY,0.3978,498162.000,2024-07-13 13:39:43.964
ETH,BUY,0.0100,498002.000,2024-07-13 13:43:34.500
ETH,SELL,0.0100,498000.000,2024-07-13 13:44:11.678
ETH,SELL,0.0100,498000.000,2024-07-13 13:44:11.678
ETH,SELL,0.3943,498425.000,2024-07-13 13:47:06.878
ETH,BUY,0.0103,498447.000,2024-07-13 14:01:05.268
ETH,BUY,0.9897,498452.000,2024-07-13 14:01:05.268
ETH,BUY,0.0103,498481.000,2024-07-13 14:01:08.921
ETH,SELL,0.0700,498000.000,2024-07-13 14:02:35.180
ETH,SELL,0.9300,498000.000,2024-07-13 14:03:49.334
ETH,BUY,0.0200,497595.000,2024-07-13 14:04:56.973
ETH,SELL,0.0100,497362.000,2024-07-13 14:04:57.023
ETH,SELL,0.0700,497363.000,2024-07-13 14:04:57.836
ETH,SELL,0.0326,497037.000,2024-07-13 14:04:59.098
ETH,SELL,0.0200,497000.000,2024-07-13 14:04:59.098
ETH,SELL,0.0174,497000.000,2024-07-13 14:04:59.098
ETH,SELL,0.0927,497000.000,2024-07-13 14:04:59.607
ETH,SELL,0.1000,497000.000,2024-07-13 14:05:01.055
ETH,BUY,1.0000,497045.000,2024-07-13 14:10:06.441
ETH,BUY,0.5000,497373.000,2024-07-13 14:11:44.346
ETH,SELL,0.5500,497135.000,2024-07-13 14:13:14.711
ETH,SELL,0.9990,497579.000,2024-07-13 14:23:37.744
ETH,BUY,0.0100,497741.000,2024-07-13 14:28:12.925
ETH,BUY,0.0900,497745.000,2024-07-13 14:28:12.925
ETH,BUY,0.0100,497748.000,2024-07-13 14:28:15.960
ETH,BUY,0.9300,497570.000,2024-07-13 14:33:17.992
ETH,BUY,0.0700,497570.000,2024-07-13 14:33:18.512
ETH,BUY,0.0100,497777.000,2024-07-13 14:33:20.821
ETH,BUY,0.0200,498099.000,2024-07-13 14:43:04.500
ETH,BUY,0.0200,498146.000,2024-07-13 14:45:29.575
ETH,BUY,0.0300,498011.000,2024-07-13 14:46:35.411
ETH,BUY,1.0000,497995.000,2024-07-13 14:46:42.058
ETH,BUY,0.0300,498166.000,2024-07-13 14:49:27.398
ETH,BUY,0.9300,498044.000,2024-07-13 14:50:10.493
ETH,SELL,0.0500,498223.000,2024-07-13 14:52:06.277
ETH,BUY,0.0300,498196.000,2024-07-13 14:55:54.296
ETH,BUY,0.0300,498311.000,2024-07-13 14:59:34.392
ETH,SELL,0.0793,498292.000,2024-07-13 14:59:51.226
ETH,SELL,0.2000,497905.000,2024-07-13 15:04:50.463
ETH,SELL,0.0587,498072.000,2024-07-13 15:05:25.449
ETH,SELL,0.0363,497728.000,2024-07-13 15:08:21.743
ETH,SELL,0.0242,497728.000,2024-07-13 15:08:22.187
ETH,BUY,0.0295,497800.000,2024-07-13 15:09:27.141
ETH,BUY,0.0349,497800.000,2024-07-13 15:10:17.490
ETH,BUY,0.0203,497800.000,2024-07-13 15:10:24.673
ETH,BUY,0.0623,497800.000,2024-07-13 15:10:56.039
ETH,SELL,0.5000,498659.000,2024-07-13 15:17:11.598
ETH,BUY,0.0100,498519.000,2024-07-13 15:20:04.684
ETH,SELL,0.1000,498563.000,2024-07-13 15:21:31.287
ETH,SELL,0.0700,498563.000,2024-07-13 15:21:31.537
ETH,SELL,0.0100,498563.000,2024-07-13 15:21:32.531
ETH,SELL,0.0100,498632.000,2024-07-13 15:22:28.081
ETH,SELL,0.0130,498764.000,2024-07-13 15:25:37.445
ETH,BUY,0.5000,499063.000,2024-07-13 15:33:17.961
ETH,SELL,0.0400,498991.000,2024-07-13 15:35:23.233
ETH,SELL,0.0700,498976.000,2024-07-13 15:35:39.420
ETH,SELL,0.0300,498853.000,2024-07-13 15:36:37.542
ETH,SELL,0.0100,498853.000,2024-07-13 15:36:38.098
ETH,SELL,0.0300,498853.000,2024-07-13 15:36:38.321
ETH,SELL,0.0100,498853.000,2024-07-13 15:36:38.559
ETH,SELL,0.0200,498823.000,2024-07-13 15:36:40.093
ETH,SELL,0.0500,498976.000,2024-07-13 15:37:58.304
ETH,SELL,0.0700,498976.000,2024-07-13 15:37:58.408
ETH,SELL,0.0700,499013.000,2024-07-13 15:38:49.770
ETH,SELL,0.3200,499013.000,2024-07-13 15:38:50.080
ETH,SELL,0.0100,499013.000,2024-07-13 15:38:50.082
ETH,SELL,0.0100,499013.000,2024-07-13 15:38:50.101
ETH,SELL,0.0300,499013.000,2024-07-13 15:38:50.140
ETH,SELL,0.1000,499013.000,2024-07-13 15:38:51.742
ETH,SELL,0.0600,499025.000,2024-07-13 15:41:20.068
ETH,SELL,0.1500,499025.000,2024-07-13 15:41:22.265
ETH,SELL,0.0700,499025.000,2024-07-13 15:41:32.063
ETH,SELL,0.0100,499006.000,2024-07-13 15:41:37.096
ETH,SELL,0.0100,499006.000,2024-07-13 15:41:37.506
ETH,SELL,0.0300,499025.000,2024-07-13 15:41:46.176
ETH,SELL,0.0100,499025.000,2024-07-13 15:41:46.876
ETH,SELL,0.3200,499025.000,2024-07-13 15:41:47.076
ETH,SELL,0.0100,498890.000,2024-07-13 15:41:48.205
ETH,SELL,0.0210,498700.000,2024-07-13 15:41:54.637
ETH,SELL,0.2990,498686.000,2024-07-13 15:41:54.637
ETH,SELL,0.5000,498686.000,2024-07-13 15:41:54.786
ETH,SELL,0.0100,498686.000,2024-07-13 15:41:55.193
ETH,SELL,0.0300,498686.000,2024-07-13 15:41:55.194
ETH,SELL,0.1610,498686.000,2024-07-13 15:41:55.367
ETH,SELL,0.0390,498539.000,2024-07-13 15:41:55.367
ETH,SELL,0.0100,498539.000,2024-07-13 15:41:55.473
ETH,SELL,0.0900,498688.000,2024-07-13 15:43:12.310
ETH,SELL,0.0400,498687.000,2024-07-13 15:43:15.095
ETH,SELL,0.0100,498632.000,2024-07-13 15:44:51.397
ETH,SELL,0.0100,498632.000,2024-07-13 15:44:52.027
ETH,SELL,0.0100,498632.000,2024-07-13 15:44:52.112
ETH,SELL,0.0642,498632.000,2024-07-13 15:44:52.423
ETH,SELL,0.3100,498632.000,2024-07-13 15:44:53.282
ETH,SELL,0.2000,498659.000,2024-07-13 15:46:58.354
ETH,SELL,0.5000,498659.000,2024-07-13 15:46:58.391
ETH,SELL,0.0100,498659.000,2024-07-13 15:46:58.463
ETH,SELL,0.0300,498659.000,2024-07-13 15:46:58.655
ETH,SELL,0.2600,498659.000,2024-07-13 15:46:59.072
ETH,SELL,0.0200,498519.000,2024-07-13 15:46:59.072
ETH,SELL,0.0400,498192.000,2024-07-13 15:46:59.072
ETH,SELL,0.0100,498192.000,2024-07-13 15:46:59.301
ETH,SELL,0.2000,498589.000,2024-07-13 15:47:26.387
ETH,SELL,0.0300,498589.000,2024-07-13 15:47:26.459
ETH,SELL,0.5000,498589.000,2024-07-13 15:47:26.467
ETH,SELL,0.2700,498589.000,2024-07-13 15:47:27.097
ETH,SELL,0.0500,498446.000,2024-07-13 15:47:27.097
ETH,SELL,0.0100,498446.000,2024-07-13 15:47:27.105
ETH,SELL,0.0100,498446.000,2024-07-13 15:47:27.110
ETH,SELL,0.1000,498373.000,2024-07-13 15:47:28.195
ETH,SELL,0.0100,498584.000,2024-07-13 15:51:06.497
ETH,SELL,0.1600,498584.000,2024-07-13 15:51:07.295
ETH,SELL,0.0100,498584.000,2024-07-13 15:51:08.094
ETH,SELL,0.1600,498564.000,2024-07-13 15:51:10.112
ETH,SELL,0.0100,498430.000,2024-07-13 15:56:25.671
ETH,SELL,0.0100,498430.000,2024-07-13 15:56:25.733
ETH,SELL,0.3200,498418.000,2024-07-13 15:56:26.461
ETH,SELL,0.0300,498418.000,2024-07-13 15:56:26.545
ETH,SELL,0.0200,498418.000,2024-07-13 15:56:26.880
ETH,BUY,0.0100,498464.000,2024-07-13 15:56:46.557
ETH,SELL,0.3200,498535.000,2024-07-13 16:01:38.763
ETH,SELL,0.0100,498535.000,2024-07-13 16:01:38.765
ETH,SELL,0.0100,498535.000,2024-07-13 16:01:38.821
ETH,SELL,0.0300,498535.000,2024-07-13 16:01:39.125
ETH,BUY,0.0100,498484.000,2024-07-13 16:01:46.800
ETH,SELL,0.0100,498464.000,2024-07-13 16:01:58.878
ETH,SELL,0.0100,498464.000,2024-07-13 16:01:58.901
ETH,SELL,0.0300,498464.000,2024-07-13 16:01:59.121
ETH,SELL,0.3200,498382.000,2024-07-13 16:01:59.293
ETH,SELL,0.0100,498018.000,2024-07-13 16:03:04.767
ETH,BUY,0.0200,498127.000,2024-07-13 16:03:05.118
ETH,SELL,0.0300,498018.000,2024-07-13 16:03:05.120
ETH,SELL,0.1600,498018.000,2024-07-13 16:03:05.425
ETH,SELL,0.1600,497933.000,2024-07-13 16:03:05.425
ETH,SELL,0.0100,497933.000,2024-07-13 16:03:05.427
ETH,SELL,0.1100,497815.000,2024-07-13 16:05:23.310
ETH,SELL,0.0500,497867.000,2024-07-13 16:05:35.033
ETH,SELL,0.1000,498271.000,2024-07-13 16:12:24.168
ETH,BUY,0.0200,498155.000,2024-07-13 16:28:49.859
ETH,BUY,0.1800,498218.000,2024-07-13 16:28:49.859
ETH,SELL,0.0300,497765.000,2024-07-13 16:30:56.463
ETH,SELL,0.5000,497918.000,2024-07-13 16:31:26.787
ETH,SELL,0.0300,497918.000,2024-07-13 16:31:26.957
ETH,SELL,0.1700,497918.000,2024-07-13 16:31:27.074
ETH,SELL,0.0100,497918.000,2024-07-13 16:31:27.103
ETH,SELL,0.0100,497918.000,2024-07-13 16:31:27.432
ETH,BUY,0.0112,497785.000,2024-07-13 16:32:14.643
ETH,SELL,0.0100,497612.000,2024-07-13 16:32:15.371
ETH,SELL,0.0100,497495.000,2024-07-13 16:32:15.371
ETH,SELL,0.0300,497495.000,2024-07-13 16:32:15.423
ETH,SELL,0.0100,497495.000,2024-07-13 16:32:15.425
ETH,SELL,0.0100,497495.000,2024-07-13 16:32:16.102
ETH,BUY,0.0112,497699.000,2024-07-13 16:32:21.481
ETH,BUY,0.0112,497701.000,2024-07-13 16:32:28.287
ETH,BUY,0.0112,497701.000,2024-07-13 16:32:35.225
ETH,BUY,0.0112,497815.000,2024-07-13 16:32:41.999
ETH,BUY,0.0112,497827.000,2024-07-13 16:32:48.807
ETH,BUY,0.0112,497846.000,2024-07-13 16:32:55.567
ETH,SELL,0.0100,497790.000,2024-07-13 16:33:36.427
ETH,SELL,0.0100,497790.000,2024-07-13 16:33:36.429
ETH,SELL,0.0300,497730.000,2024-07-13 16:33:36.732
ETH,BUY,0.0100,498291.000,2024-07-13 16:41:22.708
ETH,SELL,0.0100,498312.000,2024-07-13 16:43:08.057
ETH,SELL,0.0100,498312.000,2024-07-13 16:43:08.093
ETH,BUY,0.0450,498239.000,2024-07-13 16:44:23.486
ETH,SELL,0.0600,498075.000,2024-07-13 16:46:12.381
ETH,SELL,0.0100,497930.000,2024-07-13 16:46:12.505
ETH,SELL,0.2500,497930.000,2024-07-13 16:46:12.756
ETH,SELL,0.0100,497930.000,2024-07-13 16:46:13.039
ETH,SELL,0.0300,497930.000,2024-07-13 16:46:13.139
ETH,SELL,0.0100,498227.000,2024-07-13 16:52:24.958
ETH,SELL,0.0300,498227.000,2024-07-13 16:52:25.387
ETH,BUY,0.2000,498209.000,2024-07-13 16:54:10.103
ETH,BUY,0.0315,497908.000,2024-07-13 16:56:40.327
ETH,BUY,0.1685,497913.000,2024-07-13 16:56:40.327
ETH,BUY,0.2000,497910.000,2024-07-13 16:56:41.384
ETH,BUY,0.0315,497916.000,2024-07-13 16:56:43.954
ETH,BUY,0.2000,497957.000,2024-07-13 16:57:23.722
ETH,SELL,0.0100,497748.000,2024-07-13 17:07:29.870
ETH,SELL,0.0100,497748.000,2024-07-13 17:07:30.490
ETH,SELL,0.0300,497748.000,2024-07-13 17:07:30.569
ETH,SELL,0.0347,497500.000,2024-07-13 17:12:46.891
ETH,SELL,0.0653,497500.000,2024-07-13 17:15:51.572
ETH,SELL,0.0408,497495.000,2024-07-13 17:15:51.572
ETH,SELL,0.3465,497452.000,2024-07-13 17:15:51.572
ETH,BUY,0.1018,497875.000,2024-07-13 17:21:37.450
ETH,BUY,0.0575,497876.000,2024-07-13 17:21:37.450
ETH,BUY,0.5507,497881.000,2024-07-13 17:21:37.450
ETH,SELL,0.0100,497698.000,2024-07-13 17:22:09.741
ETH,SELL,0.0100,497560.000,2024-07-13 17:22:10.115
ETH,SELL,0.0130,497454.000,2024-07-13 17:26:27.849
ETH,SELL,0.0100,497787.000,2024-07-13 17:27:01.428
ETH,BUY,0.0611,497883.000,2024-07-13 17:28:08.261
ETH,BUY,0.1389,498059.000,2024-07-13 17:28:08.261
ETH,BUY,0.5500,497562.000,2024-07-13 17:29:01.571
ETH,SELL,0.4202,498480.000,2024-07-13 17:45:55.855
ETH,SELL,0.0200,498480.000,2024-07-13 17:45:57.676
ETH,SELL,0.0200,498453.000,2024-07-13 17:46:11.259
ETH,SELL,0.0200,498453.000,2024-07-13 17:46:12.822
ETH,SELL,0.0200,498438.000,2024-07-13 17:48:40.170
ETH,SELL,0.0200,498438.000,2024-07-13 17:48:41.758
ETH,SELL,0.0200,498438.000,2024-07-13 17:48:43.365
ETH,SELL,0.0200,498438.000,2024-07-13 17:48:44.936
ETH,SELL,0.0200,498438.000,2024-07-13 17:48:46.690
ETH,SELL,0.0200,498438.000,2024-07-13 17:48:48.256
ETH,SELL,0.0200,498477.000,2024-07-13 17:48:49.885
ETH,SELL,0.0200,498477.000,2024-07-13 17:48:51.466
ETH,SELL,0.0200,498488.000,2024-07-13 17:48:53.026
ETH,SELL,0.1809,498690.000,2024-07-13 18:00:22.701
ETH,SELL,0.0100,499101.000,2024-07-13 18:05:55.636
ETH,SELL,0.0300,499101.000,2024-07-13 18:05:55.806
ETH,SELL,0.0100,499101.000,2024-07-13 18:05:56.402
ETH,SELL,0.0100,499187.000,2024-07-13 18:11:22.589
ETH,SELL,0.0100,499187.000,2024-07-13 18:11:22.735
ETH,SELL,0.0300,499187.000,2024-07-13 18:11:23.562
ETH,SELL,0.0100,499000.000,2024-07-13 18:14:36.445
ETH,SELL,0.0300,499000.000,2024-07-13 18:14:36.535
ETH,SELL,0.0100,499000.000,2024-07-13 18:14:37.364
ETH,SELL,0.0100,499001.000,2024-07-13 18:15:03.342
ETH,SELL,0.9900,499000.000,2024-07-13 18:15:03.342
ETH,SELL,0.1200,499000.000,2024-07-13 18:15:03.802
ETH,SELL,0.0100,499000.000,2024-07-13 18:15:03.842
ETH,SELL,0.0100,499000.000,2024-07-13 18:15:04.015
ETH,SELL,0.0300,499000.000,2024-07-13 18:15:04.169
ETH,SELL,0.1000,499000.000,2024-07-13 18:15:04.894
ETH,SELL,0.1000,499000.000,2024-07-13 18:15:07.126
ETH,SELL,0.0100,499000.000,2024-07-13 18:17:52.880
ETH,SELL,0.0300,499000.000,2024-07-13 18:17:53.114
ETH,SELL,1.0000,499000.000,2024-07-13 18:17:53.354
ETH,SELL,0.2000,499000.000,2024-07-13 18:17:53.395
ETH,SELL,0.0100,499000.000,2024-07-13 18:17:53.438
ETH,SELL,0.3300,499000.000,2024-07-13 18:17:53.591
ETH,SELL,0.0600,499000.000,2024-07-13 18:17:53.822
ETH,SELL,0.0181,499000.000,2024-07-13 18:17:54.307
ETH,SELL,0.1000,499000.000,2024-07-13 18:17:55.155
ETH,SELL,0.1000,499000.000,2024-07-13 18:17:56.105
ETH,SELL,0.2000,499000.000,2024-07-13 18:17:56.370
ETH,SELL,0.0100,499000.000,2024-07-13 18:17:56.385
ETH,SELL,0.0803,499000.000,2024-07-13 18:17:58.834
ETH,SELL,0.4743,499000.000,2024-07-13 18:18:04.643
ETH,SELL,0.2371,499000.000,2024-07-13 18:18:47.493
ETH,SELL,0.2372,499000.000,2024-07-13 18:23:43.836
ETH,BUY,1.0000,498495.000,2024-07-13 18:32:11.768
ETH,SELL,0.0300,498431.000,2024-07-13 18:37:49.286
ETH,SELL,0.0100,498256.000,2024-07-13 18:37:50.366
ETH,SELL,0.0100,498198.000,2024-07-13 18:37:50.410
ETH,SELL,0.1000,498198.000,2024-07-13 18:37:51.087
ETH,SELL,0.0300,498180.000,2024-07-13 18:37:57.144
ETH,SELL,0.0100,498180.000,2024-07-13 18:37:57.398
ETH,SELL,0.0100,498180.000,2024-07-13 18:37:57.466
ETH,BUY,0.5000,498089.000,2024-07-13 18:54:39.413
ETH,SELL,0.0100,498212.000,2024-07-13 19:00:05.720
ETH,SELL,0.0100,498212.000,2024-07-13 19:00:05.976
ETH,SELL,0.0100,498212.000,2024-07-13 19:00:06.760
ETH,SELL,0.0300,498212.000,2024-07-13 19:00:07.143
ETH,SELL,0.0300,498241.000,2024-07-13 19:04:01.128
ETH,SELL,0.0100,498482.000,2024-07-13 19:06:40.058
ETH,SELL,0.0100,498482.000,2024-07-13 19:06:40.970
ETH,SELL,0.0100,498423.000,2024-07-13 19:06:44.542
ETH,SELL,0.0100,498366.000,2024-07-13 19:07:34.470
ETH,SELL,0.0300,498814.000,2024-07-13 19:10:52.803
ETH,SELL,0.0300,498381.000,2024-07-13 19:10:53.269
ETH,BUY,0.0300,498878.000,2024-07-13 19:11:08.999
ETH,BUY,1.0501,498895.000,2024-07-13 19:11:08.999
ETH,BUY,0.7628,499000.000,2024-07-13 19:11:08.999
ETH,BUY,0.1571,499153.000,2024-07-13 19:11:08.999
ETH,SELL,0.0100,499141.000,2024-07-13 19:13:18.686
ETH,SELL,0.0100,499141.000,2024-07-13 19:13:19.093
ETH,SELL,0.0100,499229.000,2024-07-13 19:16:14.967
ETH,BUY,0.0100,499230.000,2024-07-13 19:16:15.026
ETH,SELL,0.0300,499183.000,2024-07-13 19:16:21.121
ETH,SELL,0.0100,499203.000,2024-07-13 19:17:08.724
ETH,SELL,0.0100,499242.000,2024-07-13 19:18:06.550
ETH,SELL,0.0100,499242.000,2024-07-13 19:18:06.988
ETH,SELL,0.0100,499244.000,2024-07-13 19:18:09.500
ETH,SELL,0.0100,499244.000,2024-07-13 19:18:10.464
ETH,BUY,0.0100,499149.000,2024-07-13 19:18:18.836
ETH,SELL,0.0100,499147.000,2024-07-13 19:18:21.371
ETH,SELL,0.0200,499147.000,2024-07-13 19:18:21.514
ETH,SELL,0.0100,499147.000,2024-07-13 19:18:22.448
ETH,SELL,0.0100,498859.000,2024-07-13 19:19:30.699
ETH,SELL,0.1000,498825.000,2024-07-13 19:19:32.379
ETH,SELL,0.0100,498846.000,2024-07-13 19:20:05.644
ETH,SELL,0.0300,498847.000,2024-07-13 19:20:05.812
ETH,SELL,0.0100,498848.000,2024-07-13 19:20:06.431
ETH,BUY,0.0100,499049.000,2024-07-13 19:20:11.528
ETH,SELL,0.0100,498882.000,2024-07-13 19:20:38.675
ETH,SELL,0.0100,498882.000,2024-07-13 19:20:38.709
ETH,SELL,0.0300,498882.000,2024-07-13 19:20:39.120
ETH,SELL,0.1000,498883.000,2024-07-13 19:20:40.030
ETH,BUY,0.0100,499142.000,2024-07-13 19:23:21.720
ETH,SELL,0.0100,499154.000,2024-07-13 19:24:33.284
ETH,SELL,0.0100,499154.000,2024-07-13 19:24:33.545
ETH,SELL,0.0300,499154.000,2024-07-13 19:24:34.118
ETH,SELL,0.0300,499144.000,2024-07-13 19:31:24.168
ETH,SELL,0.0100,499144.000,2024-07-13 19:31:24.441
ETH,SELL,0.0100,499144.000,2024-07-13 19:31:24.442
ETH,SELL,0.0600,499144.000,2024-07-13 19:31:26.145
ETH,SELL,0.0300,499144.000,2024-07-13 19:31:28.475
ETH,SELL,0.0100,499141.000,2024-07-13 19:31:35.844
ETH,SELL,0.0100,499141.000,2024-07-13 19:31:36.492
ETH,SELL,0.0500,499141.000,2024-07-13 19:31:39.040
ETH,SELL,0.2846,499142.000,2024-07-13 19:32:07.692
ETH,SELL,0.6268,499141.000,2024-07-13 19:32:08.753
ETH,SELL,0.0100,499141.000,2024-07-13 19:32:38.756
ETH,SELL,0.0200,499141.000,2024-07-13 19:32:39.122
ETH,SELL,0.0100,499141.000,2024-07-13 19:32:39.387
ETH,SELL,0.0100,499141.000,2024-07-13 19:32:40.486
ETH,SELL,0.0400,499141.000,2024-07-13 19:32:44.080
ETH,SELL,0.0100,499137.000,2024-07-13 19:32:52.227
ETH,SELL,0.0200,499098.000,2024-07-13 19:32:54.121
ETH,SELL,0.0200,499097.000,2024-07-13 19:33:00.156
ETH,SELL,0.0100,499097.000,2024-07-13 19:33:01.705
ETH,SELL,0.0100,499097.000,2024-07-13 19:33:02.100
ETH,SELL,0.0100,499066.000,2024-07-13 19:33:25.977
ETH,SELL,0.0100,498946.000,2024-07-13 19:33:54.236
ETH,SELL,0.0100,498946.000,2024-07-13 19:33:54.471
ETH,SELL,0.0900,498946.000,2024-07-13 19:33:55.103
ETH,SELL,0.0100,499119.000,2024-07-13 19:35:00.416
ETH,SELL,0.0100,499119.000,2024-07-13 19:35:00.597
ETH,SELL,0.0600,499119.000,2024-07-13 19:35:01.618
ETH,SELL,0.0500,498773.000,2024-07-13 19:35:06.445
ETH,SELL,0.2000,498731.000,2024-07-13 19:37:22.529
ETH,SELL,0.0100,499083.000,2024-07-13 19:40:01.600
ETH,SELL,0.0100,499083.000,2024-07-13 19:40:01.665
ETH,SELL,0.0100,499074.000,2024-07-13 19:40:10.238
ETH,SELL,0.0300,499068.000,2024-07-13 19:40:11.698
ETH,SELL,0.0300,499068.000,2024-07-13 19:40:12.112
ETH,SELL,0.0100,498942.000,2024-07-13 19:42:51.282
ETH,SELL,0.0100,498942.000,2024-07-13 19:42:51.503
ETH,SELL,0.0100,498916.000,2024-07-13 19:43:00.335
ETH,SELL,0.0100,499111.000,2024-07-13 19:43:14.502
ETH,SELL,0.0100,499109.000,2024-07-13 19:43:27.316
ETH,SELL,0.1000,499109.000,2024-07-13 19:43:27.464
ETH,SELL,0.0100,499109.000,2024-07-13 19:43:28.495
ETH,SELL,0.1000,499109.000,2024-07-13 19:43:29.197
ETH,SELL,0.1000,499109.000,2024-07-13 19:43:31.208
ETH,SELL,0.0100,499108.000,2024-07-13 19:43:36.346
ETH,SELL,0.0100,499108.000,2024-07-13 19:43:36.582
ETH,SELL,0.1000,498816.000,2024-07-13 19:43:38.814
ETH,SELL,0.0100,499141.000,2024-07-13 19:43:51.513
ETH,SELL,0.0100,499141.000,2024-07-13 19:43:51.591
ETH,SELL,0.1000,499141.000,2024-07-13 19:43:52.656
ETH,SELL,0.0100,499141.000,2024-07-13 19:44:05.656
ETH,SELL,0.0100,499141.000,2024-07-13 19:44:05.702
ETH,SELL,0.0800,499141.000,2024-07-13 19:44:07.104
ETH,SELL,0.0200,499141.000,2024-07-13 19:44:09.410
ETH,SELL,0.0100,499141.000,2024-07-13 19:44:30.362
ETH,SELL,0.0100,499141.000,2024-07-13 19:44:30.416
ETH,SELL,0.0700,499141.000,2024-07-13 19:44:30.528
ETH,SELL,0.0100,499141.000,2024-07-13 19:44:53.107
ETH,SELL,0.0100,499141.000,2024-07-13 19:44:53.334
ETH,SELL,0.0300,499141.000,2024-07-13 19:44:54.101
ETH,BUY,0.0100,499142.000,2024-07-13 19:45:15.226
ETH,SELL,0.0100,499141.000,2024-07-13 19:45:16.973
ETH,SELL,0.0100,499141.000,2024-07-13 19:45:17.093
ETH,SELL,0.1000,499141.000,2024-07-13 19:45:32.118
ETH,SELL,0.0100,499141.000,2024-07-13 19:45:46.968
ETH,SELL,0.0100,499141.000,2024-07-13 19:45:47.089
ETH,SELL,0.0400,499141.000,2024-07-13 19:46:17.563
ETH,SELL,0.0400,499161.000,2024-07-13 19:47:12.101
ETH,SELL,0.0200,499162.000,2024-07-13 19:47:13.468
ETH,SELL,0.0100,499162.000,2024-07-13 19:47:18.271
ETH,SELL,0.0100,499162.000,2024-07-13 19:47:18.953
ETH,SELL,0.0200,499141.000,2024-07-13 19:47:46.538
ETH,SELL,0.0100,498882.000,2024-07-13 19:51:08.999
ETH,SELL,0.0100,499141.000,2024-07-13 19:51:09.405
ETH,SELL,0.1000,499141.000,2024-07-13 19:51:10.171
ETH,SELL,0.0100,499141.000,2024-07-13 19:51:21.515
ETH,SELL,0.0100,499141.000,2024-07-13 19:51:22.006
ETH,SELL,0.0500,499141.000,2024-07-13 19:51:22.415
ETH,SELL,0.0500,498945.000,2024-07-13 19:51:25.104
ETH,SELL,0.0100,499141.000,2024-07-13 19:51:34.320
ETH,SELL,0.1000,499141.000,2024-07-13 19:51:35.180
ETH,SELL,0.0100,499141.000,2024-07-13 19:51:39.097
ETH,BUY,0.0100,499143.000,2024-07-13 19:52:19.824
ETH,SELL,0.0100,499180.000,2024-07-13 19:52:50.891
ETH,SELL,0.0100,499186.000,2024-07-13 19:52:51.508
ETH,BUY,0.2000,499152.000,2024-07-13 19:53:06.455
ETH,SELL,0.1000,499194.000,2024-07-13 19:53:38.414
ETH,SELL,0.0100,499309.000,2024-07-13 19:55:08.117
ETH,BUY,0.5000,499310.000,2024-07-13 19:55:39.706
ETH,SELL,0.0100,499627.000,2024-07-13 19:56:09.923
ETH,SELL,0.0100,499627.000,2024-07-13 19:56:10.049
ETH,SELL,0.0100,499497.000,2024-07-13 19:57:52.094
ETH,SELL,0.0100,499555.000,2024-07-13 19:57:52.956
ETH,SELL,0.0200,499533.000,2024-07-13 19:58:16.031
ETH,BUY,0.0100,499843.000,2024-07-13 19:58:19.570
ETH,SELL,0.0100,499757.000,2024-07-13 19:58:22.967
ETH,SELL,0.0100,499728.000,2024-07-13 19:58:23.400
ETH,SELL,0.0100,499534.000,2024-07-13 19:58:53.119
ETH,SELL,0.0100,499534.000,2024-07-13 19:58:53.275
ETH,SELL,0.1000,499574.000,2024-07-13 19:58:54.245
ETH,SELL,0.0100,499823.000,2024-07-13 20:00:55.063
ETH,SELL,0.0100,499823.000,2024-07-13 20:00:55.968
ETH,SELL,0.0600,499650.000,2024-07-13 20:01:28.126
ETH,SELL,0.0100,499615.000,2024-07-13 20:01:39.102
ETH,SELL,0.0100,499615.000,2024-07-13 20:01:40.323
ETH,SELL,0.0400,499615.000,2024-07-13 20:01:40.553
ETH,SELL,0.0100,499515.000,2024-07-13 20:01:52.969
ETH,SELL,0.0100,499515.000,2024-07-13 20:01:53.133
ETH,SELL,0.0100,499747.000,2024-07-13 20:02:02.950
ETH,SELL,0.0100,499747.000,2024-07-13 20:02:03.023
ETH,SELL,0.0100,499444.000,2024-07-13 20:02:04.500
ETH,SELL,0.0100,499788.000,2024-07-13 20:02:31.097
ETH,SELL,0.0500,499537.000,2024-07-13 20:03:22.911
ETH,SELL,0.0500,499902.000,2024-07-13 20:03:25.096
ETH,SELL,0.1000,499886.000,2024-07-13 20:05:00.128
ETH,SELL,0.0200,499873.000,2024-07-13 20:05:23.707
ETH,SELL,0.0400,499873.000,2024-07-13 20:05:29.110
ETH,SELL,0.0200,499871.000,2024-07-13 20:05:54.477
ETH,SELL,0.0100,499871.000,2024-07-13 20:05:56.099
ETH,BUY,0.0200,499873.000,2024-07-13 20:06:06.292
ETH,SELL,0.0100,499889.000,2024-07-13 20:06:18.097
ETH,SELL,0.1000,499924.000,2024-07-13 20:06:49.058
ETH,SELL,0.1000,499969.000,2024-07-13 20:08:39.324
ETH,BUY,0.0100,500000.000,2024-07-13 20:09:06.261
ETH,BUY,0.0100,500000.000,2024-07-13 20:09:06.261
ETH,SELL,0.1700,500182.000,2024-07-13 20:09:34.750
ETH,SELL,0.1000,500182.000,2024-07-13 20:09:34.832
ETH,SELL,0.1000,500182.000,2024-07-13 20:09:35.110
ETH,SELL,0.0300,499931.000,2024-07-13 20:09:44.566
ETH,SELL,0.1000,499873.000,2024-07-13 20:09:46.357
ETH,SELL,0.1000,500107.000,2024-07-13 20:10:03.052
ETH,SELL,0.0100,500115.000,2024-07-13 20:10:07.269
ETH,SELL,0.0400,500115.000,2024-07-13 20:10:07.316
ETH,SELL,0.1000,500115.000,2024-07-13 20:10:07.847
ETH,SELL,0.0200,500114.000,2024-07-13 20:10:11.640
ETH,SELL,0.0200,500124.000,2024-07-13 20:11:06.588
ETH,SELL,0.0100,500124.000,2024-07-13 20:11:08.572
ETH,SELL,0.0100,500227.000,2024-07-13 20:12:44.519
ETH,SELL,0.1000,500257.000,2024-07-13 20:14:21.922
ETH,SELL,0.0100,500257.000,2024-07-13 20:14:57.308
ETH,SELL,0.0771,500064.000,2024-07-13 20:14:59.464
ETH,SELL,0.0229,500020.000,2024-07-13 20:14:59.464
ETH,SELL,0.1000,500250.000,2024-07-13 20:15:04.697
ETH,SELL,0.0100,499671.000,2024-07-13 20:16:11.394
ETH,SELL,0.0200,500278.000,2024-07-13 20:16:14.099
ETH,SELL,0.0100,500214.000,2024-07-13 20:16:42.630
ETH,SELL,0.0100,500215.000,2024-07-13 20:17:38.098
ETH,SELL,0.1000,499790.000,2024-07-13 20:19:15.822
ETH,SELL,0.1000,499748.000,2024-07-13 20:19:50.214
ETH,SELL,0.0100,499746.000,2024-07-13 20:19:51.111
ETH,SELL,0.1000,499746.000,2024-07-13 20:19:51.198
ETH,SELL,0.1000,499737.000,2024-07-13 20:22:40.440
ETH,SELL,0.0400,499728.000,2024-07-13 20:26:36.339
ETH,SELL,0.0600,499728.000,2024-07-13 20:26:36.472
ETH,SELL,0.0400,499588.000,2024-07-13 20:26:36.472
ETH,SELL,0.1000,499588.000,2024-07-13 20:26:39.489
ETH,SELL,0.1000,499588.000,2024-07-13 20:26:44.304
ETH,SELL,0.1000,499588.000,2024-07-13 20:26:55.653
ETH,SELL,0.1000,499586.000,2024-07-13 20:27:23.761
ETH,SELL,0.1000,499588.000,2024-07-13 20:27:38.799
ETH,SELL,0.0200,499586.000,2024-07-13 20:29:12.559
ETH,BUY,0.0100,499828.000,2024-07-13 20:41:15.778
ETH,SELL,0.0995,499847.000,2024-07-13 20:49:25.386
ETH,BUY,0.0150,499916.000,2024-07-13 20:57:35.519
